Rank,Player,Team,Expected Assists (xA),Actual Assists,Minutes,Matches,Country
1,Martin Ødegaard,Arsenal,11.2,10.0,3098,35,NOR
2,Bukayo Saka,Arsenal,11.0,9.0,2933,35,ENG
3,Bruno Fernandes,Manchester United,10.2,8.0,3119,35,POR
4,Pascal Gross,Brighton and Hove Albion,9.2,10.0,3114,36,GER
5,Cole Palmer,Chelsea,8.7,11.0,2624,34,ENG
6,Heung-Min Son,Tottenham Hotspur,8.3,10.0,2946,35,KOR
7,Dwight McNeil,Everton,8.2,6.0,2897,35,ENG
8,Bernardo Silva,Manchester City,8.0,9.0,2581,33,POR
9,Mohamed Salah,Liverpool,7.5,10.0,2535,32,EGY
10,Leon Bailey,Aston Villa,7.3,9.0,2072,35,JAM
11,Kevin De Bruyne,Manchester City,7.1,10.0,1227,18,BEL
11,Kieran Trippier,Newcastle United,7.1,10.0,2240,28,ENG
13,Phil Foden,Manchester City,6.9,8.0,2865,35,ENG
14,Morgan Gibbs-White,Nottingham Forest,6.8,10.0,3160,37,ENG
15,Dejan Kulusevski,Tottenham Hotspur,6.7,3.0,2763,36,SWE
16,James Maddison,Tottenham Hotspur,6.3,9.0,2152,28,ENG
16,Julián Álvarez,Manchester City,6.3,9.0,2657,36,ARG
18,Bruno Guimaraes,Newcastle United,6.3,8.0,3268,37,BRA
19,James Ward-Prowse,West Ham United,6.3,7.0,3005,37,ENG
20,Rodri,Manchester City,6.1,9.0,2938,34,ESP
21,Trent Alexander-Arnold,Liverpool,6.1,4.0,2159,28,ENG
22,Pedro Porro,Tottenham Hotspur,6.0,7.0,3092,35,ESP
23,Jérémy Doku,Manchester City,5.9,8.0,1593,29,BEL
24,Andreas Pereira,Fulham,5.7,7.0,2637,37,BRA
25,Anthony Gordon,Newcastle United,5.6,10.0,2898,35,ENG
26,Bryan Mbeumo,Brentford,5.6,6.0,1959,25,CMR
27,Eberechi Eze,Crystal Palace,5.6,4.0,2065,27,ENG
28,Alfie Doughty,Luton Town,5.4,8.0,2937,37,ENG
29,Ryan Christie,Bournemouth,5.4,5.0,2918,37,SCO
30,Douglas Luiz,Aston Villa,5.3,5.0,3001,35,BRA
31,Gabriel Martinelli,Arsenal,5.2,4.0,2029,35,BRA
32,Lucas Paquetá,West Ham United,5.1,6.0,2634,31,BRA
33,Dominik Szoboszlai,Liverpool,5.1,2.0,2109,33,HUN
34,Michael Olise,Crystal Palace,5.0,6.0,1277,19,FRA
35,Pablo Sarabia,Wolverhampton Wanderers,4.9,7.0,1748,30,ESP
36,Alexis Mac Allister,Liverpool,4.9,5.0,2609,33,ARG
37,John McGinn,Aston Villa,4.9,4.0,3009,35,SCO
38,Declan Rice,Arsenal,4.8,8.0,3230,38,ENG
39,Jarrod Bowen,West Ham United,4.8,6.0,3020,34,ENG
40,Mathias Jensen,Brentford,4.8,3.0,2217,32,DEN
41,Luis Diaz,Liverpool,4.7,5.0,2646,37,COL
42,Joao Pedro,Brighton and Hove Albion,4.7,3.0,2043,31,BRA
43,Gustavo Hamer,Sheffield United,4.6,6.0,2923,36,NED
43,Harvey Elliott,Liverpool,4.6,6.0,1336,34,ENG
45,Brennan Johnson,Tottenham Hotspur,4.5,10.0,2330,35,WAL
46,Darwin Nunez,Liverpool,4.5,8.0,2046,36,URU
46,Moussa Diaby,Aston Villa,4.5,8.0,2184,38,FRA
48,Willian,Fulham,4.5,2.0,2054,31,BRA
49,Andrew Robertson,Liverpool,4.4,2.0,1691,23,SCO
50,Kai Havertz,Arsenal,4.3,7.0,2639,37,GER
51,Raheem Sterling,Chelsea,4.3,4.0,1981,31,ENG
52,Alex Iwobi,Fulham,4.3,2.0,2342,32,NGA
53,Ollie Watkins,Aston Villa,4.2,13.0,3221,37,ENG
54,Marcus Tavernier,Bournemouth,4.2,4.0,2129,30,ENG
55,Anthony Elanga,Nottingham Forest,4.0,9.0,2434,36,SWE
56,Pedro Neto,Wolverhampton Wanderers,3.7,9.0,1518,20,POR
57,Antonee Robinson,Fulham,3.7,6.0,3270,37,USA
57,Mohammed Kudus,West Ham United,3.7,6.0,2483,33,GHA
59,Ben White,Arsenal,3.7,4.0,2995,37,ENG
60,Vitaly Janelt,Brentford,3.7,3.0,3069,38,GER
61,Enzo Fernández,Chelsea,3.7,2.0,2214,28,ARG
61,James Garner,Everton,3.7,2.0,3005,37,ENG
63,Kaoru Mitoma,Brighton and Hove Albion,3.6,4.0,1488,19,JPN
64,Lucas Digne,Aston Villa,3.6,3.0,2410,33,FRA
65,Wilson Odobert,Burnley,3.6,2.0,2107,29,FRA
66,Conor Gallagher,Chelsea,3.5,7.0,3135,37,ENG
67,Chiedozie Ogbene,Luton Town,3.5,1.0,1993,30,IRL
67,Simon Adingra,Brighton and Hove Albion,3.5,1.0,2230,31,CIV
69,Jacob Murphy,Newcastle United,3.4,7.0,1193,21,ENG
70,Malo Gusto,Chelsea,3.3,6.0,1755,27,FRA
71,Jack Harrison,Everton,3.3,3.0,2219,29,ENG
72,Gabriel Jesus,Arsenal,3.2,5.0,1482,27,BRA
73,Kyle Walker,Manchester City,3.2,4.0,2767,32,ENG
74,Mykhaylo Mudryk,Chelsea,3.2,2.0,1578,31,UKR
75,Leandro Trossard,Arsenal,3.2,1.0,1646,34,BEL
76,Matheus Cunha,Wolverhampton Wanderers,3.0,7.0,2453,32,BRA
76,Vladimir Coufal,West Ham United,3.0,7.0,3136,36,CZE
78,Lewis Cook,Bournemouth,3.0,3.0,2792,33,ENG
79,Sean Longstaff,Newcastle United,3.0,2.0,2746,35,ENG
80,Nicolas Jackson,Chelsea,2.9,5.0,2804,35,SEN
81,Alejandro Garnacho,Manchester United,2.9,4.0,2573,36,ARG
81,Sergio Reguilon,Brentford,2.9,4.0,1534,25,ESP
83,Hee-Chan Hwang,Wolverhampton Wanderers,2.9,3.0,2124,29,KOR
83,Timo Werner,Tottenham Hotspur,2.9,3.0,814,13,GER
85,Oleksandr Zinchenko,Arsenal,2.9,2.0,1722,27,UKR
86,Alexander Isak,Newcastle United,2.8,2.0,2265,30,SWE
86,Marcus Rashford,Manchester United,2.8,2.0,2278,33,ENG
88,Jack Grealish,Manchester City,2.8,1.0,1003,20,ENG
89,Jordan Ayew,Crystal Palace,2.7,7.0,2549,35,GHA
90,Harry Wilson,Fulham,2.7,6.0,1614,35,WAL
91,Cody Gakpo,Liverpool,2.7,5.0,1644,35,NED
92,Ross Barkley,Luton Town,2.7,4.0,2622,32,ENG
93,James Tarkowski,Everton,2.7,1.0,3419,38,ENG
93,Kristoffer Vassbakk Ajer,Brentford,2.7,1.0,1833,28,NOR
95,Marcos Senesi,Bournemouth,2.6,5.0,2247,31,ARG
96,Tom Cairney,Fulham,2.5,4.0,1475,34,SCO
97,Johann Berg Gudmundsson,Burnley,2.5,3.0,1191,26,ISL
98,Matty Cash,Aston Villa,2.5,2.0,2142,29,POL
99,Billy Gilmour,Brighton and Hove Albion,2.5,1.0,2125,30,SCO
99,Callum Hudson-Odoi,Nottingham Forest,2.5,1.0,1854,29,ENG
101,Diogo Dalot,Manchester United,2.4,3.0,3173,36,POR
101,Tyrick Mitchell,Crystal Palace,2.4,3.0,3208,37,ENG
103,Christian Nørgaard,Brentford,2.4,1.0,2513,31,DEN
103,Miguel Almiron,Newcastle United,2.4,1.0,1945,33,PAR
105,Joachim Andersen,Crystal Palace,2.3,3.0,3416,38,DEN
105,Josh Cullen,Burnley,2.3,3.0,2059,25,IRL
105,Neal Maupay,Brentford,2.3,3.0,1424,31,FRA
105,Pervis Estupinán,Brighton and Hove Albion,2.3,3.0,1244,19,ECU
109,Antoine Semenyo,Bournemouth,2.3,2.0,2111,33,GHA
109,Christian Eriksen,Manchester United,2.3,2.0,1139,22,DEN
111,Youri Tielemans,Aston Villa,2.2,6.0,1620,32,BEL
112,Erling Haaland,Manchester City,2.2,5.0,2556,31,NOR
113,Lewis Dunk,Brighton and Hove Albion,2.2,1.0,2872,33,ENG
114,James McAtee,Sheffield United,2.1,3.0,1828,31,ENG
114,Pape Sarr,Tottenham Hotspur,2.1,3.0,2085,34,SEN
116,Emerson,West Ham United,2.1,2.0,3142,36,ITA
116,Jorginho,Arsenal,2.1,2.0,919,24,ITA
116,Josh Brownhill,Burnley,2.1,2.0,2251,33,ENG
116,Philip Billing,Bournemouth,2.1,2.0,1393,29,DEN
120,Josko Gvardiol,Manchester City,2.1,1.0,2328,28,CRO
121,Destiny Udogie,Tottenham Hotspur,2.0,3.0,2398,28,ITA
121,Dominic Solanke,Bournemouth,2.0,3.0,3331,38,ENG
121,Moisés Caicedo,Chelsea,2.0,3.0,2872,35,ECU
121,Oliver McBurnie,Sheffield United,2.0,3.0,1283,21,SCO
121,Yoane Wissa,Brentford,2.0,3.0,2508,34,COD
126,Noni Madueke,Chelsea,2.0,2.0,1053,23,ENG
127,Adam Lallana,Brighton and Hove Albion,2.0,1.0,846,25,ENG
127,Jefferson Lerma,Crystal Palace,2.0,1.0,2403,28,COL
127,Keane Lewis-Potter,Brentford,2.0,1.0,1441,30,ENG
130,Harvey Barnes,Newcastle United,1.9,3.0,794,21,ENG
131,Giovani Lo Celso,Tottenham Hotspur,1.9,2.0,495,22,ARG
131,Issa Kaboré,Luton Town,1.9,2.0,1732,24,BFA
133,Antony,Manchester United,1.9,1.0,1323,29,BRA
134,Mateo Kovacic,Manchester City,1.9,0.0,1548,30,CRO
134,Ruben Dias,Manchester City,1.9,0.0,2557,30,POR
136,Andros Townsend,Luton Town,1.8,3.0,1209,27,ENG
136,Timothy Castagne,Fulham,1.8,3.0,2633,34,BEL
138,Ben Chilwell,Chelsea,1.8,1.0,756,13,ENG
138,Nélson Semedo,Wolverhampton Wanderers,1.8,1.0,3092,36,POR
138,Will Hughes,Crystal Palace,1.8,1.0,1899,30,ENG
141,Jacob Bruun Larsen,Burnley,1.8,0.0,1248,32,DEN
141,Manuel Akanji,Manchester City,1.8,0.0,2513,30,SUI
143,Diogo Jota,Liverpool,1.7,3.0,1150,21,POR
144,Adam Smith,Bournemouth,1.7,2.0,2156,28,ENG
144,James Milner,Brighton and Hove Albion,1.7,2.0,778,15,ENG
144,Matheus Nunes,Manchester City,1.7,2.0,833,19,POR
147,Charlie Taylor,Burnley,1.7,1.0,2332,28,ENG
147,Joao Gomes,Wolverhampton Wanderers,1.7,1.0,2658,34,BRA
147,Justin Kluivert,Bournemouth,1.7,1.0,1934,32,NED
147,Neco Williams,Nottingham Forest,1.7,1.0,1634,26,WAL
147,Rayan Ait Nouri,Wolverhampton Wanderers,1.7,1.0,2344,33,ALG
152,Yves Bissouma,Tottenham Hotspur,1.7,0.0,2081,28,MLI
153,Carlton Morris,Luton Town,1.6,4.0,2867,38,ENG
154,Dominic Calvert-Lewin,Everton,1.6,2.0,2185,32,ENG
154,Lorenz Assignon,Burnley,1.6,2.0,1237,15,FRA
154,Reece James,Chelsea,1.6,2.0,421,10,ENG
154,Sander Berge,Burnley,1.6,2.0,3005,37,NOR
158,Kobbie Mainoo,Manchester United,1.6,1.0,1939,24,ENG
159,Adam Wharton,Crystal Palace,1.5,3.0,1305,16,ENG
160,Abdoulaye Doucouré,Everton,1.5,2.0,2637,32,MLI
160,Harrison Reed,Fulham,1.5,2.0,1324,27,ENG
162,Cristian Romero,Tottenham Hotspur,1.5,0.0,2792,33,ARG
162,Pierre-Emile Højbjerg,Tottenham Hotspur,1.5,0.0,1293,36,DEN
162,Wataru Endo,Liverpool,1.5,0.0,1719,29,JPN
165,Richarlison,Tottenham Hotspur,1.4,4.0,1492,28,BRA
166,Lewis Miley,Newcastle United,1.4,3.0,1205,17,ENG
167,Aaron Wan-Bissaka,Manchester United,1.4,2.0,1781,22,ENG
167,Dango Ouattara,Bournemouth,1.4,2.0,1220,30,BFA
167,Frank Onyeka,Brentford,1.4,2.0,1155,26,NGA
167,Ivan Toney,Brentford,1.4,2.0,1449,17,ENG
167,Jeffrey Schlupp,Crystal Palace,1.4,2.0,1355,29,GHA
167,Mads Roerslev,Brentford,1.4,2.0,1987,34,DEN
173,Boubacar Kamara,Aston Villa,1.4,1.0,1659,20,FRA
173,Cameron Archer,Sheffield United,1.4,1.0,1839,30,ENG
173,Danny Welbeck,Brighton and Hove Albion,1.4,1.0,1703,29,ENG
173,Fabian Schär,Newcastle United,1.4,1.0,3054,36,SUI
173,Jacob Ramsey,Aston Villa,1.4,1.0,850,16,ENG
178,Amadou Onana,Everton,1.4,0.0,2090,30,BEL
178,Ashley Young,Everton,1.4,0.0,2288,31,ENG
178,Pelly-Ruddock Mpanzu,Luton Town,1.4,0.0,1093,27,COD
178,Ryan Gravenberch,Liverpool,1.4,0.0,1121,26,NED
178,Tahith Chong,Luton Town,1.4,0.0,1986,33,NED
183,Jean-Philippe Mateta,Crystal Palace,1.3,5.0,2283,35,FRA
184,Daniel Munoz,Crystal Palace,1.3,4.0,1439,16,COL
185,Konstantinos Tsimikas,Liverpool,1.3,3.0,677,13,GRE
185,Lyle Foster,Burnley,1.3,3.0,1906,24,RSA
187,Julio Enciso,Brighton and Hove Albion,1.3,2.0,474,12,PAR
187,Michail Antonio,West Ham United,1.3,2.0,1710,26,JAM
187,Nicolás Dominguez,Nottingham Forest,1.3,2.0,1503,26,ARG
190,Mario Lemina,Wolverhampton Wanderers,1.3,1.0,2974,35,GAB
190,Oscar Bobb,Manchester City,1.3,1.0,295,14,NOR
190,Zeki Amdouni,Burnley,1.3,1.0,1971,34,SUI
193,Jarrad Branthwaite,Everton,1.3,0.0,3117,35,ENG
194,Conor Bradley,Liverpool,1.2,3.0,761,11,NIR
194,Harry Toffolo,Nottingham Forest,1.2,3.0,1455,23,ENG
196,Bobby Reid,Fulham,1.2,2.0,1424,33,JAM
196,Casemiro,Manchester United,1.2,2.0,1985,25,BRA
196,Elliot Anderson,Newcastle United,1.2,2.0,1022,21,SCO
196,Marc Cucurella,Chelsea,1.2,2.0,1784,21,ESP
196,Tomas Soucek,West Ham United,1.2,2.0,2874,37,CZE
196,Vitinho,Burnley,1.2,2.0,2316,32,BRA
202,Facundo Buonanotte,Brighton and Hove Albion,1.2,1.0,1368,27,ARG
202,Jordan Clark,Luton Town,1.2,1.0,1306,23,ENG
202,Milos Kerkez,Bournemouth,1.2,1.0,1975,28,HUN
205,Jayden Bogle,Sheffield United,1.2,0.0,2792,34,ENG
205,Oliver Norwood,Sheffield United,1.2,0.0,1433,27,NIR
205,Rico Lewis,Manchester City,1.2,0.0,806,16,ENG
208,Daniel Burn,Newcastle United,1.1,2.0,2732,33,ENG
208,Luis Sinisterra,Bournemouth,1.1,2.0,692,20,COL
208,Nathan Aké,Manchester City,1.1,2.0,2044,29,NED
211,Alex Scott,Bournemouth,1.1,1.0,1010,23,ENG
211,Ben Brereton Diaz,Sheffield United,1.1,1.0,1110,14,CHI
211,Chris Wood,Nottingham Forest,1.1,1.0,1806,31,NZL
211,Curtis Jones,Liverpool,1.1,1.0,1167,23,ENG
211,Joelinton,Newcastle United,1.1,1.0,1282,20,BRA
211,Joseph Gomez,Liverpool,1.1,1.0,1779,32,ENG
211,Luca Koleosho,Burnley,1.1,1.0,984,15,USA
211,Nathan Collins,Brentford,1.1,1.0,2649,32,IRL
211,Rodrigo Bentancur,Tottenham Hotspur,1.1,1.0,1007,23,URU
220,Jan Paul van Hecke,Brighton and Hove Albion,1.1,0.0,2368,28,NED
220,Max Kilman,Wolverhampton Wanderers,1.1,0.0,3420,38,ENG
220,Odsonne Edouard,Crystal Palace,1.1,0.0,1552,30,FRA
220,Vitalii Mykolenko,Everton,1.1,0.0,2471,28,UKR
224,Dara O'Shea,Burnley,1.0,4.0,2894,33,IRL
225,Nathan Patterson,Everton,1.0,2.0,999,20,SCO
225,Virgil van Dijk,Liverpool,1.0,2.0,3178,36,NED
227,Jack Robinson,Sheffield United,1.0,1.0,2885,34,ENG
227,Joao Palhinha,Fulham,1.0,1.0,2709,33,POR
227,Marc Guehi,Crystal Palace,1.0,1.0,2022,25,ENG
227,Ola Aina,Nottingham Forest,1.0,1.0,1700,22,NGA
227,Solly March,Brighton and Hove Albion,1.0,1.0,558,7,ENG
232,Álex Moreno,Aston Villa,1.0,0.0,1030,21,ESP
232,Axel Disasi,Chelsea,1.0,0.0,2581,31,FRA
232,Ezri Konsa,Aston Villa,1.0,0.0,3073,35,ENG
232,Raul Jiménez,Fulham,1.0,0.0,1402,24,MEX
232,Saman Ghoddos,Brentford,1.0,0.0,729,19,IRN
237,Reece Burke,Luton Town,0.9,4.0,1663,22,ENG
238,Adama Traoré,Fulham,0.9,3.0,364,17,ESP
238,Taiwo Awoniyi,Nottingham Forest,0.9,3.0,1046,20,NGA
240,Ben Osborn,Sheffield United,0.9,2.0,1359,24,ENG
240,Gonzalo Montiel,Nottingham Forest,0.9,2.0,802,14,ARG
240,Harry Maguire,Manchester United,0.9,2.0,1650,22,ENG
240,Mikkel Damsgaard,Brentford,0.9,2.0,835,23,DEN
240,Rasmus Højlund,Manchester United,0.9,2.0,2169,30,DEN
245,Benoit Badiashile,Chelsea,0.9,1.0,1337,18,FRA
245,Cauley Woodrow,Luton Town,0.9,1.0,409,24,ENG
245,Max Aarons,Bournemouth,0.9,1.0,1234,20,ENG
245,Rodrigo Muniz,Fulham,0.9,1.0,1597,26,BRA
245,William Saliba,Arsenal,0.9,1.0,3420,38,FRA
250,Emerson Royal,Tottenham Hotspur,0.9,0.0,1155,22,BRA
250,Luke Shaw,Manchester United,0.9,0.0,962,12,ENG
250,Matt Doherty,Wolverhampton Wanderers,0.9,0.0,1142,30,IRL
250,Ollie Arblaster,Sheffield United,0.9,0.0,946,12,ENG
250,Thomas Doyle,Wolverhampton Wanderers,0.9,0.0,1213,26,ENG
255,Albert Sambi Lokonga,Luton Town,0.8,3.0,1308,17,BEL
255,Tariq Lamptey,Brighton and Hove Albion,0.8,3.0,912,19,GHA
257,Fabio Vieira,Arsenal,0.8,2.0,292,11,POR
257,Manor Solomon,Tottenham Hotspur,0.8,2.0,198,5,ISR
259,Divock Origi,Nottingham Forest,0.8,1.0,599,20,BEL
259,Edson Álvarez,West Ham United,0.8,1.0,2383,31,MEX
259,Jean-Ricner Bellegarde,Wolverhampton Wanderers,0.8,1.0,958,22,HAI
259,Lloyd Kelly,Bournemouth,0.8,1.0,1556,23,ENG
259,Rico Henry,Brentford,0.8,1.0,402,5,ENG
259,Said Benrahma,West Ham United,0.8,1.0,616,13,ALG
259,Takehiro Tomiyasu,Arsenal,0.8,1.0,1143,22,JPN
259,Willy Boly,Nottingham Forest,0.8,1.0,1443,20,CIV
267,Auston Trusty,Sheffield United,0.8,0.0,2572,32,USA
267,Cheick Oumar Doucouré,Crystal Palace,0.8,0.0,921,11,MLI
267,Emil Krafth,Newcastle United,0.8,0.0,910,17,SWE
267,Ethan Pinnock,Brentford,0.8,0.0,2521,29,JAM
267,Evan Ferguson,Brighton and Hove Albion,0.8,0.0,1365,27,IRL
267,Idrissa Gana Gueye,Everton,0.8,0.0,1892,25,SEN
267,Jakub Moder,Brighton and Hove Albion,0.8,0.0,613,17,POL
267,Valentino Livramento,Newcastle United,0.8,0.0,1305,26,ENG
275,Danilo,Nottingham Forest,0.7,2.0,1796,29,BRA
275,Edward Nketiah,Arsenal,0.7,2.0,1073,27,ENG
277,Ivan Perisic,Tottenham Hotspur,0.7,1.0,98,5,CRO
277,Kevin Schade,Brentford,0.7,1.0,331,11,GER
279,Ben Mee,Brentford,0.7,0.0,1276,16,ENG
279,Gabriel,Arsenal,0.7,0.0,3044,36,BRA
279,Hugo Bueno,Wolverhampton Wanderers,0.7,0.0,730,22,ESP
279,Lewis Hall,Newcastle United,0.7,0.0,774,18,ENG
279,Nicolo Zaniolo,Aston Villa,0.7,0.0,830,25,ITA
279,Pau Torres,Aston Villa,0.7,0.0,2463,29,ESP
279,Seamus Coleman,Everton,0.7,0.0,662,12,IRL
286,Jakub Kiwior,Arsenal,0.6,3.0,945,20,POL
286,Toti Gomes,Wolverhampton Wanderers,0.6,3.0,2774,35,POR
288,Murillo,Nottingham Forest,0.6,2.0,2793,32,BRA
288,Sven Botman,Newcastle United,0.6,2.0,1378,17,NED
290,Callum Wilson,Newcastle United,0.6,1.0,985,20,ENG
290,Craig Dawson,Wolverhampton Wanderers,0.6,1.0,2211,25,ENG
290,George Baldock,Sheffield United,0.6,1.0,970,13,GRE
290,Joel Veltman,Brighton and Hove Albion,0.6,1.0,1582,27,NED
290,Ryan Yates,Nottingham Forest,0.6,1.0,1986,35,ENG
290,Thiago Silva,Chelsea,0.6,1.0,2527,31,BRA
296,Ameen Al Dakhil,Burnley,0.6,0.0,1055,13,BEL
296,Anel Ahmedhodzic,Sheffield United,0.6,0.0,2649,31,BIH
296,Ansu Fati,Brighton and Hove Albion,0.6,0.0,513,19,ESP
296,Ben Davies,Tottenham Hotspur,0.6,0.0,1085,17,WAL
296,Illia Zabarnyi,Bournemouth,0.6,0.0,3330,37,UKR
296,Joseph Willock,Newcastle United,0.6,0.0,418,9,ENG
296,Raphaël Varane,Manchester United,0.6,0.0,1371,22,FRA
296,Ryan Giles,Luton Town,0.6,0.0,501,11,ENG
296,Teden Mengi,Luton Town,0.6,0.0,2470,30,ENG
296,Thomas Partey,Arsenal,0.6,0.0,788,14,GHA
296,Yegor Yarmolyuk,Brentford,0.6,0.0,675,27,UKR
307,Serge Aurier,Nottingham Forest,0.5,2.0,834,12,CIV
308,Amad Diallo,Manchester United,0.5,1.0,388,9,CIV
308,Chris Mepham,Bournemouth,0.5,1.0,613,10,WAL
308,Clément Lenglet,Aston Villa,0.5,1.0,1155,14,FRA
308,David Brooks,Bournemouth,0.5,1.0,273,13,WAL
308,Levi Colwill,Chelsea,0.5,1.0,1798,23,ENG
308,Matheus Franca,Crystal Palace,0.5,1.0,225,10,BRA
308,Scott McTominay,Manchester United,0.5,1.0,1891,32,SCO
315,Aaron Ramsey,Burnley,0.5,0.0,524,14,ENG
315,Amari'i Bell,Luton Town,0.5,0.0,1722,21,JAM
315,André Gomes,Everton,0.5,0.0,503,12,POR
315,Ben Godfrey,Everton,0.5,0.0,1122,15,ENG
315,Bénie Traoré,Sheffield United,0.5,0.0,386,8,CIV
315,Christopher Nkunku,Chelsea,0.5,0.0,438,11,FRA
315,Hannibal Mejbri,Manchester United,0.5,0.0,130,5,TUN
315,Ibrahima Konaté,Liverpool,0.5,0.0,1571,22,FRA
315,Igor,Brighton and Hove Albion,0.5,0.0,1636,24,BRA
315,Kenny Tete,Fulham,0.5,0.0,868,14,NED
315,Marvelous Nakamba,Luton Town,0.5,0.0,1134,13,ZIM
315,Mathias Jørgensen,Brentford,0.5,0.0,1086,14,DEN
315,Mike Tresor,Burnley,0.5,0.0,414,16,BEL
315,Oliver Skipp,Tottenham Hotspur,0.5,0.0,694,21,ENG
315,Sandro Tonali,Newcastle United,0.5,0.0,439,8,ITA
315,Sasa Lukic,Fulham,0.5,0.0,1119,24,SRB
315,Vinicius de Souza Costa,Sheffield United,0.5,0.0,2672,36,BRA
332,Connor Roberts,Burnley,0.4,1.0,819,14,WAL
332,Emile Smith Rowe,Arsenal,0.4,1.0,346,13,ENG
332,Facundo Pellistri,Manchester United,0.4,1.0,165,9,URU
332,Giovanni Reyna,Nottingham Forest,0.4,1.0,230,9,USA
332,Mahmoud Dahoud,Brighton and Hove Albion,0.4,1.0,454,9,SYR
332,Morgan Rogers,Aston Villa,0.4,1.0,640,11,ENG
332,Shandon Baptiste,Brentford,0.4,1.0,224,10,GRN
332,Victor Nilsson Lindelöf,Manchester United,0.4,1.0,1332,19,SWE
340,Arnaut Danjuma,Everton,0.4,0.0,587,14,NED
340,Diego Carlos,Aston Villa,0.4,0.0,1811,27,BRA
340,Elijah Adebayo,Luton Town,0.4,0.0,1418,27,ENG
340,Ibrahim Sangaré,Nottingham Forest,0.4,0.0,1037,17,CIV
340,Issa Diop,Fulham,0.4,0.0,1425,18,FRA
340,Jack Hinshelwood,Brighton and Hove Albion,0.4,0.0,870,12,ENG
340,Jacob Brown,Luton Town,0.4,0.0,1020,19,SCO
340,John Stones,Manchester City,0.4,0.0,1064,16,ENG
340,Jordan Pickford,Everton,0.4,0.0,3420,38,ENG
340,Mason Mount,Manchester United,0.4,0.0,513,14,ENG
340,Nathan Redmond,Burnley,0.4,0.0,132,12,ENG
340,Nayef Aguerd,West Ham United,0.4,0.0,1859,21,MAR
340,Nuno Tavares,Nottingham Forest,0.4,0.0,455,8,POR
340,Reiss Nelson,Arsenal,0.4,0.0,257,15,ENG
340,Sofyan Amrabat,Manchester United,0.4,0.0,931,21,MAR
340,Trevoh Chalobah,Chelsea,0.4,0.0,950,13,ENG
340,Valentin Barco,Brighton and Hove Albion,0.4,0.0,308,6,ARG
357,Armando Broja,Fulham,0.3,1.0,535,21,ALB
357,Carney Chukwuemeka,Chelsea,0.3,1.0,223,9,ENG
357,David Datro Fofana,Burnley,0.3,1.0,879,15,CIV
357,Joel Ward,Crystal Palace,0.3,1.0,1982,26,ENG
357,Jonny Evans,Manchester United,0.3,1.0,1396,23,NIR
357,Tom Lockyer,Luton Town,0.3,1.0,1171,14,WAL
363,Aaron Cresswell,West Ham United,0.3,0.0,432,11,ENG
363,Adam Webster,Brighton and Hove Albion,0.3,0.0,1143,15,ENG
363,Andre Brooks,Sheffield United,0.3,0.0,942,20,ENG
363,Beto,Everton,0.3,0.0,939,30,POR
363,Boubacar Traore,Wolverhampton Wanderers,0.3,0.0,804,24,MLI
363,Bryan Gil,Tottenham Hotspur,0.3,0.0,201,11,ESP
363,Carlos Baleba,Brighton and Hove Albion,0.3,0.0,1321,27,CMR
363,Daiki Hashioka,Luton Town,0.3,0.0,595,10,JPN
363,Danny Ings,West Ham United,0.3,0.0,390,20,ENG
363,Joe Worrall,Nottingham Forest,0.3,0.0,439,7,ENG
363,John Fleck,Sheffield United,0.3,0.0,89,4,SCO
363,Kieffer Moore,Bournemouth,0.3,0.0,100,8,WAL
363,Micky van de Ven,Tottenham Hotspur,0.3,0.0,2342,27,NED
363,Moussa Niakhaté,Nottingham Forest,0.3,0.0,1457,21,SEN
363,Orel Mangala,Nottingham Forest,0.3,0.0,1569,20,BEL
363,Pablo Fornals,West Ham United,0.3,0.0,419,15,ESP
363,Sasa Kalajdzic,Wolverhampton Wanderers,0.3,0.0,159,11,AUT
363,Tosin Adarabioyo,Fulham,0.3,0.0,1617,20,ENG
363,Youssef Chermiti,Everton,0.3,0.0,195,18,POR
382,Chris Richards,Crystal Palace,0.2,1.0,2091,26,USA
382,Jordan Beyer,Burnley,0.2,1.0,1238,15,GER
382,Mark Flekken,Brentford,0.2,1.0,3285,37,NED
382,Sergio Gomez,Manchester City,0.2,1.0,48,6,ESP
386,Anthony Martial,Manchester United,0.2,0.0,445,13,FRA
386,Calvin Bassey,Fulham,0.2,0.0,2301,29,NGA
386,Gabriel Osho,Luton Town,0.2,0.0,1848,21,ENG
386,Ian Maatsen,Chelsea,0.2,0.0,201,12,NED
386,Jarell Quansah,Liverpool,0.2,0.0,1189,17,ENG
386,Jhon Duran,Aston Villa,0.2,0.0,462,23,COL
386,Joe Rothwell,Bournemouth,0.2,0.0,381,11,ENG
386,Joshua Dasilva,Brentford,0.2,0.0,23,3,ENG
386,Luke Thomas,Sheffield United,0.2,0.0,918,12,ENG
386,Manuel Benson,Burnley,0.2,0.0,110,8,ANG
386,Mason Holgate,Sheffield United,0.2,0.0,713,10,ENG
386,Maxime Estève,Burnley,0.2,0.0,1312,16,FRA
386,Nathaniel Clyne,Crystal Palace,0.2,0.0,1337,19,ENG
386,Scott McKenna,Nottingham Forest,0.2,0.0,417,5,SCO
386,Tom Davies,Sheffield United,0.2,0.0,214,9,ENG
386,Tyrone Mings,Aston Villa,0.2,0.0,31,1,ENG
386,William Osula,Sheffield United,0.2,0.0,783,21,DEN
403,Enes Ünal,Bournemouth,0.1,2.0,320,16,TUR
404,Jay Rodriguez,Burnley,0.1,1.0,813,21,ENG
404,Lisandro Martinez,Manchester United,0.1,1.0,648,11,ARG
404,Luke Berry,Luton Town,0.1,1.0,311,17,ENG
404,Max Lowe,Sheffield United,0.1,1.0,500,10,ENG
408,Aaron Hickey,Brentford,0.1,0.0,720,9,SCO
408,Anass Zaroury,Burnley,0.1,0.0,148,6,MAR
408,Andre Onana,Manchester United,0.1,0.0,3420,38,CMR
408,Angelo Ogbonna,West Ham United,0.1,0.0,633,11,ITA
408,Anis Ben Slimane,Sheffield United,0.1,0.0,412,15,TUN
408,Arijanet Muric,Burnley,0.1,0.0,900,10,KVX
408,Ben Johnson,West Ham United,0.1,0.0,538,14,ENG
408,Benicio Baker-Boaitey,Brighton and Hove Albion,0.1,0.0,37,5,ENG
408,Carlos Vinicius,Fulham,0.1,0.0,306,13,BRA
408,Cesare Casadei,Chelsea,0.1,0.0,71,11,ITA
408,Chris Basham,Sheffield United,0.1,0.0,318,8,ENG
408,David Raya,Arsenal,0.1,0.0,2880,32,ESP
408,Ederson Moraes,Manchester City,0.1,0.0,2788,33,BRA
408,Fabio Silva,Wolverhampton Wanderers,0.1,0.0,261,8,POR
408,Fred Onyedinma,Luton Town,0.1,0.0,407,8,NGA
408,Hannes Delcroix,Burnley,0.1,0.0,585,12,BEL
408,Jadon Sancho,Manchester United,0.1,0.0,76,3,ENG
408,Jairo Riedewald,Crystal Palace,0.1,0.0,229,9,NED
408,Jamaal Lascelles,Newcastle United,0.1,0.0,1080,16,ENG
408,James Trafford,Burnley,0.1,0.0,2520,28,ENG
408,Jesurun Rak-Sakyi,Crystal Palace,0.1,0.0,132,6,ENG
408,Joel Matip,Liverpool,0.1,0.0,783,10,CMR
408,Kalvin Phillips,West Ham United,0.1,0.0,396,12,ENG
408,Konstantinos Mavropanos,West Ham United,0.1,0.0,1501,19,GRE
408,Kurt Zouma,West Ham United,0.1,0.0,2838,33,FRA
408,Lesley Ugochukwu,Chelsea,0.1,0.0,298,12,FRA
408,Lewis Dobbin,Everton,0.1,0.0,227,12,ENG
408,Matt Ritchie,Newcastle United,0.1,0.0,121,13,SCO
408,Matz Sels,Nottingham Forest,0.1,0.0,1440,16,BEL
408,Michael Keane,Everton,0.1,0.0,438,9,ENG
408,Naouirou Ahamada,Crystal Palace,0.1,0.0,333,20,FRA
408,Nathan Fraser,Wolverhampton Wanderers,0.1,0.0,184,7,ENG
408,Rhian Brewster,Sheffield United,0.1,0.0,339,13,ENG
408,Tawanda Chirewa,Wolverhampton Wanderers,0.1,0.0,139,8,ZIM
408,Thomas Kaminski,Luton Town,0.1,0.0,3406,38,BEL
408,Tim Ream,Fulham,0.1,0.0,1504,18,USA
408,Wesley Foderingham,Sheffield United,0.1,0.0,2648,30,ENG
408,Yasser Larouci,Sheffield United,0.1,0.0,533,11,ALG
446,Calum Chambers,Aston Villa,0.0,1.0,150,5,ENG
446,José Sá,Wolverhampton Wanderers,0.0,1.0,3038,35,POR
446,Omari Forson,Manchester United,0.0,1.0,68,4,ENG
449,Aaron Ramsdale,Arsenal,0.0,0.0,540,6,ENG
449,Alejo Veliz,Tottenham Hotspur,0.0,0.0,44,8,ARG
449,Aleksandar Mitrovic,Fulham,0.0,0.0,32,1,SRB
449,Alex Murphy,Newcastle United,0.0,0.0,11,2,IRL
449,Alfie Gilchrist,Chelsea,0.0,0.0,202,11,ENG
449,Alisson Becker,Liverpool,0.0,0.0,2520,28,BRA
449,Alphonse Areola,West Ham United,0.0,0.0,2699,31,FRA
449,Amadou Diallo,Newcastle United,0.0,0.0,1,1,ENG
449,Andrew Omobamidele,Nottingham Forest,0.0,0.0,782,11,IRL
449,Andrey Santos,Nottingham Forest,0.0,0.0,7,1,BRA
449,Antwoine Hackford,Sheffield United,0.0,0.0,11,2,ENG
449,Aymeric Laporte,Manchester City,0.0,0.0,11,1,ESP
449,Bart Verbruggen,Brighton and Hove Albion,0.0,0.0,1890,21,NED
449,Ben Doak,Liverpool,0.0,0.0,13,1,SCO
449,Ben Parkinson,Newcastle United,0.0,0.0,24,1,ENG
449,Bernd Leno,Fulham,0.0,0.0,3420,38,GER
449,Bertrand Traoré,Aston Villa,0.0,0.0,10,2,BFA
449,Bobby Clark,Liverpool,0.0,0.0,87,5,ENG
449,Brandon Aguilera,Nottingham Forest,0.0,0.0,4,1,CRC
449,Caoimhin Kelleher,Liverpool,0.0,0.0,900,10,IRL
449,Cédric Soares,Arsenal,0.0,0.0,59,3,POR
449,Cheikhou Kouyaté,Nottingham Forest,0.0,0.0,208,12,SEN
449,Dane Scarlett,Tottenham Hotspur,0.0,0.0,19,4,ENG
449,Daniel Bentley,Wolverhampton Wanderers,0.0,0.0,382,5,ENG
449,Daniel Jebbison,Sheffield United,0.0,0.0,20,1,ENG
449,David Ozoh,Crystal Palace,0.0,0.0,149,9,ENG
449,Davinson Sánchez,Tottenham Hotspur,0.0,0.0,76,1,COL
449,Dean Henderson,Crystal Palace,0.0,0.0,1620,18,ENG
449,Deivid Washington,Chelsea,0.0,0.0,11,2,BRA
449,Divin Mubama,West Ham United,0.0,0.0,76,5,ENG
449,Djordje Petrovic,Chelsea,0.0,0.0,1986,23,SRB
449,Donny van de Beek,Manchester United,0.0,0.0,2,1,NED
449,Emiliano Martinez,Aston Villa,0.0,0.0,3015,34,ARG
449,Enso Gonzalez,Wolverhampton Wanderers,0.0,0.0,1,1,PAR
449,Eric Dier,Tottenham Hotspur,0.0,0.0,199,4,ENG
449,Ethan Nwaneri,Arsenal,0.0,0.0,13,1,ENG
449,Felipe,Nottingham Forest,0.0,0.0,373,7,BRA
449,Finley Munroe,Aston Villa,0.0,0.0,3,1,ENG
449,Fodé Ballo,Fulham,0.0,0.0,65,6,SEN
449,George Earthy,West Ham United,0.0,0.0,31,3,ENG
449,Guglielmo Vicario,Tottenham Hotspur,0.0,0.0,3420,38,ITA
449,Hamed Traorè,Bournemouth,0.0,0.0,44,3,CIV
449,Han-Noah Massengo,Burnley,0.0,0.0,14,3,FRA
449,Hjalmar Ekdal,Burnley,0.0,0.0,436,8,SWE
449,Ionut Andrei Radu,Bournemouth,0.0,0.0,180,2,ROU
449,Ivo Grbic,Sheffield United,0.0,0.0,772,9,CRO
449,Jack Cork,Burnley,0.0,0.0,25,4,ENG
449,Jaden Philogene-Bidace,Aston Villa,0.0,0.0,3,1,ENG
449,Jaidon Anthony,Bournemouth,0.0,0.0,153,3,ENG
449,James Hill,Bournemouth,0.0,0.0,75,5,ENG
449,James McConnell,Liverpool,0.0,0.0,3,3,ENG
449,James Shea,Luton Town,0.0,0.0,14,1,ENG
449,James Tomkins,Crystal Palace,0.0,0.0,8,4,ENG
449,Jamie Donley,Tottenham Hotspur,0.0,0.0,3,3,ENG
449,Jason Steele,Brighton and Hove Albion,0.0,0.0,1530,17,ENG
449,Jayden Danns,Liverpool,0.0,0.0,7,2,ENG
449,Joe White,Newcastle United,0.0,0.0,12,4,ENG
449,John Egan,Sheffield United,0.0,0.0,484,6,IRL
449,Joseph Johnson,Luton Town,0.0,0.0,75,2,ENG
449,Josh Acheampong,Chelsea,0.0,0.0,5,1,ENG
449,Jurrien Timber,Arsenal,0.0,0.0,71,2,NED
449,Kaide Gordon,Liverpool,0.0,0.0,1,1,ENG
449,Leander Dendoncker,Aston Villa,0.0,0.0,118,8,BEL
449,Leon Chiwome,Wolverhampton Wanderers,0.0,0.0,175,3,ENG
449,Lewis Warrington,Everton,0.0,0.0,1,1,ENG
449,Loris Karius,Newcastle United,0.0,0.0,90,1,GER
449,Lukasz Fabianski,West Ham United,0.0,0.0,721,10,POL
449,Luke Harris,Fulham,0.0,0.0,74,1,WAL
449,Mads Juel Andersen,Luton Town,0.0,0.0,399,8,DEN
449,Mark O'Mahony,Brighton and Hove Albion,0.0,0.0,61,3,IRL
449,Mark Travers,Bournemouth,0.0,0.0,360,4,IRL
449,Martin Dubravka,Newcastle United,0.0,0.0,1984,23,SVK
449,Mason Burstow,Chelsea,0.0,0.0,8,2,ENG
449,Matt Targett,Newcastle United,0.0,0.0,78,3,ENG
449,Matt Turner,Nottingham Forest,0.0,0.0,1530,17,USA
449,Maxwel Cornet,West Ham United,0.0,0.0,110,7,CIV
449,Michael Ndiweni,Newcastle United,0.0,0.0,1,1,ENG
449,Michael Obafemi,Burnley,0.0,0.0,19,2,IRL
449,Michael Olakigbe,Brentford,0.0,0.0,51,8,NGA
449,Mikey Moore,Tottenham Hotspur,0.0,0.0,3,2,ENG
449,Mohamed Elneny,Arsenal,0.0,0.0,25,3,EGY
449,Myles Peart-Harris,Brentford,0.0,0.0,11,3,ENG
449,Neto,Bournemouth,0.0,0.0,2880,32,BRA
449,Nick Pope,Newcastle United,0.0,0.0,1346,15,ENG
449,Odel Offiah,Brighton and Hove Albion,0.0,0.0,127,4,ENG
449,Odisseas Vlachodimos,Nottingham Forest,0.0,0.0,450,5,GRE
449,Omari Kellyman,Aston Villa,0.0,0.0,35,2,ENG
449,Owen Beck,Liverpool,0.0,0.0,7,1,WAL
449,Paul Dummett,Newcastle United,0.0,0.0,18,5,WAL
449,Philippe Coutinho,Aston Villa,0.0,0.0,24,2,BRA
449,Radu Dragusin,Tottenham Hotspur,0.0,0.0,424,9,ROU
449,Rhys Norrington-Davies,Sheffield United,0.0,0.0,111,5,WAL
449,Robert Sánchez,Chelsea,0.0,0.0,1434,16,ESP
449,Robin Olsen,Aston Villa,0.0,0.0,405,5,SWE
449,Rodrigo Ribeiro,Nottingham Forest,0.0,0.0,14,4,POR
449,Romain Faivre,Bournemouth,0.0,0.0,37,5,FRA
449,Romeo Lavia,Chelsea,0.0,0.0,32,1,BEL
449,Ryan One,Sheffield United,0.0,0.0,7,1,SCO
449,Sam Curtis,Sheffield United,0.0,0.0,27,1,IRL
449,Sam Johnstone,Crystal Palace,0.0,0.0,1797,20,ENG
449,Santiago Bueno,Wolverhampton Wanderers,0.0,0.0,820,12,URU
449,Stefan Bajcetic,Liverpool,0.0,0.0,26,1,ESP
449,Stefan Ortega,Manchester City,0.0,0.0,632,9,GER
449,Sydie Peck,Sheffield United,0.0,0.0,9,1,ENG
449,Thiago Alcántara,Liverpool,0.0,0.0,5,1,ESP
449,Thilo Kehrer,West Ham United,0.0,0.0,19,4,GER
449,Thomas Strakosha,Brentford,0.0,0.0,135,2,ALB
449,Tim Iroegbunam,Aston Villa,0.0,0.0,158,9,ENG
449,Tyler Adams,Bournemouth,0.0,0.0,118,3,USA
449,Willy Kambwala,Manchester United,0.0,0.0,326,8,FRA
449,Zack Nelson,Luton Town,0.0,0.0,4,2,ENG
