Rank,Player,Team,Blocks per 90,Total Blocks,Minutes,Matches,Country
1,Craig Dawson,Wolverhampton Wanderers,1.6,39.0,2211,25,ENG
2,James Tarkowski,Everton,1.5,56.0,3419,38,ENG
3,Casemiro,Manchester United,1.5,33.0,1985,25,BRA
4,Harry Maguire,Manchester United,1.3,24.0,1650,22,ENG
5,Willy Boly,Nottingham Forest,1.3,21.0,1443,20,CIV
6,Lewis Dunk,Brighton and Hove Albion,1.2,37.0,2872,33,ENG
7,Nayef Aguerd,West Ham United,1.2,24.0,1859,21,MAR
8,Jonny Evans,Manchester United,1.2,18.0,1396,23,NIR
8,Raphaël Varane,Manchester United,1.2,18.0,1371,22,FRA
10,Fabian Schär,Newcastle United,1.1,38.0,3054,36,SUI
11,Max Kilman,Wolverhampton Wanderers,1.0,37.0,3420,38,ENG
12,Jarrad Branthwaite,Everton,1.0,36.0,3117,35,ENG
13,Virgil van Dijk,Liverpool,1.0,34.0,3178,36,NED
14,Gabriel,Arsenal,1.0,33.0,3044,36,BRA
14,Jack Robinson,Sheffield United,1.0,33.0,2885,34,ENG
16,Nathan Collins,Brentford,1.0,30.0,2649,32,IRL
17,Jan Paul van Hecke,Brighton and Hove Albion,1.0,27.0,2368,28,NED
17,Teden Mengi,Luton Town,1.0,27.0,2470,30,ENG
19,Gabriel Osho,Luton Town,1.0,20.0,1848,21,ENG
20,Reece Burke,Luton Town,1.0,18.0,1663,22,ENG
21,Illia Zabarnyi,Bournemouth,0.9,34.0,3330,37,UKR
22,Dara O'Shea,Burnley,0.9,30.0,2894,33,IRL
23,Kurt Zouma,West Ham United,0.9,28.0,2838,33,FRA
23,Tomas Soucek,West Ham United,0.9,28.0,2874,37,CZE
25,Anel Ahmedhodzic,Sheffield United,0.9,26.0,2649,31,BIH
26,Ethan Pinnock,Brentford,0.9,24.0,2521,29,JAM
26,Thiago Silva,Chelsea,0.9,24.0,2527,31,BRA
28,Marcos Senesi,Bournemouth,0.9,23.0,2247,31,ARG
29,Diego Carlos,Aston Villa,0.9,19.0,1811,27,BRA
30,Daniel Burn,Newcastle United,0.8,25.0,2732,33,ENG
30,Moisés Caicedo,Chelsea,0.8,25.0,2872,35,ECU
32,Murillo,Nottingham Forest,0.8,24.0,2793,32,BRA
33,Auston Trusty,Sheffield United,0.8,22.0,2572,32,USA
34,Edson Álvarez,West Ham United,0.8,20.0,2383,31,MEX
35,Josh Cullen,Burnley,0.8,19.0,2059,25,IRL
36,Marc Guehi,Crystal Palace,0.8,17.0,2022,25,ENG
37,Aaron Wan-Bissaka,Manchester United,0.8,15.0,1781,22,ENG
37,Amari'i Bell,Luton Town,0.8,15.0,1722,21,JAM
39,Harry Toffolo,Nottingham Forest,0.8,13.0,1455,23,ENG
39,Konstantinos Mavropanos,West Ham United,0.8,13.0,1501,19,GRE
41,Emerson Royal,Tottenham Hotspur,0.8,10.0,1155,22,BRA
42,Ben White,Arsenal,0.7,22.0,2995,37,ENG
42,Cristian Romero,Tottenham Hotspur,0.7,22.0,2792,33,ARG
44,Axel Disasi,Chelsea,0.7,19.0,2581,31,FRA
45,Ryan Yates,Nottingham Forest,0.7,15.0,1986,35,ENG
46,Will Hughes,Crystal Palace,0.7,14.0,1899,30,ENG
47,Marc Cucurella,Chelsea,0.7,13.0,1784,21,ESP
47,Neco Williams,Nottingham Forest,0.7,13.0,1634,26,WAL
49,Ibrahima Konaté,Liverpool,0.7,12.0,1571,22,FRA
49,Lloyd Kelly,Bournemouth,0.7,12.0,1556,23,ENG
49,Moussa Niakhaté,Nottingham Forest,0.7,12.0,1457,21,SEN
52,Thomas Doyle,Wolverhampton Wanderers,0.7,9.0,1213,26,ENG
53,Sofyan Amrabat,Manchester United,0.7,7.0,931,21,MAR
54,Ezri Konsa,Aston Villa,0.6,20.0,3073,35,ENG
54,Sander Berge,Burnley,0.6,20.0,3005,37,NOR
56,Toti Gomes,Wolverhampton Wanderers,0.6,19.0,2774,35,POR
57,Ruben Dias,Manchester City,0.6,17.0,2557,30,POR
57,Vinicius de Souza Costa,Sheffield United,0.6,17.0,2672,36,BRA
59,Micky van de Ven,Tottenham Hotspur,0.6,15.0,2342,27,NED
60,Matty Cash,Aston Villa,0.6,14.0,2142,29,POL
61,Kobbie Mainoo,Manchester United,0.6,12.0,1939,24,ENG
61,Scott McTominay,Manchester United,0.6,12.0,1891,32,SCO
63,Issa Kaboré,Luton Town,0.6,11.0,1732,24,BFA
63,Tosin Adarabioyo,Fulham,0.6,11.0,1617,20,ENG
65,Harrison Reed,Fulham,0.6,9.0,1324,27,ENG
65,Oliver Norwood,Sheffield United,0.6,9.0,1433,27,NIR
65,Victor Nilsson Lindelöf,Manchester United,0.6,9.0,1332,19,SWE
68,Pelly-Ruddock Mpanzu,Luton Town,0.6,7.0,1093,27,COD
69,Joachim Andersen,Crystal Palace,0.5,18.0,3416,38,DEN
69,Pedro Porro,Tottenham Hotspur,0.5,18.0,3092,35,ESP
71,Diogo Dalot,Manchester United,0.5,16.0,3173,36,POR
72,Enzo Fernández,Chelsea,0.5,13.0,2214,28,ARG
73,Chris Richards,Crystal Palace,0.5,12.0,2091,26,USA
73,Josko Gvardiol,Manchester City,0.5,12.0,2328,28,CRO
75,Adam Smith,Bournemouth,0.5,11.0,2156,28,ENG
75,Kristoffer Vassbakk Ajer,Brentford,0.5,11.0,1833,28,NOR
75,Milos Kerkez,Bournemouth,0.5,11.0,1975,28,HUN
78,Joel Ward,Crystal Palace,0.5,10.0,1982,26,ENG
78,Levi Colwill,Chelsea,0.5,10.0,1798,23,ENG
78,Zeki Amdouni,Burnley,0.5,10.0,1971,34,SUI
81,Igor,Brighton and Hove Albion,0.5,9.0,1636,24,BRA
82,Carlos Baleba,Brighton and Hove Albion,0.5,7.0,1321,27,CMR
82,Frank Onyeka,Brentford,0.5,7.0,1155,26,NGA
82,Joelinton,Newcastle United,0.5,7.0,1282,20,BRA
82,Pierre-Emile Højbjerg,Tottenham Hotspur,0.5,7.0,1293,36,DEN
82,Valentino Livramento,Newcastle United,0.5,7.0,1305,26,ENG
87,Christian Eriksen,Manchester United,0.5,6.0,1139,22,DEN
88,Hugo Bueno,Wolverhampton Wanderers,0.5,4.0,730,22,ESP
88,Yegor Yarmolyuk,Brentford,0.5,4.0,675,27,UKR
90,William Saliba,Arsenal,0.4,17.0,3420,38,FRA
91,Emerson,West Ham United,0.4,15.0,3142,36,ITA
91,Vladimir Coufal,West Ham United,0.4,15.0,3136,36,CZE
93,Bruno Guimaraes,Newcastle United,0.4,14.0,3268,37,BRA
93,James Garner,Everton,0.4,14.0,3005,37,ENG
95,Jefferson Lerma,Crystal Palace,0.4,12.0,2403,28,COL
95,Manuel Akanji,Manchester City,0.4,12.0,2513,30,SUI
95,Pau Torres,Aston Villa,0.4,12.0,2463,29,ESP
98,Calvin Bassey,Fulham,0.4,11.0,2301,29,NGA
98,Charlie Taylor,Burnley,0.4,11.0,2332,28,ENG
98,Jayden Bogle,Sheffield United,0.4,11.0,2792,34,ENG
98,Lewis Cook,Bournemouth,0.4,11.0,2792,33,ENG
98,Vitalii Mykolenko,Everton,0.4,11.0,2471,28,UKR
103,Billy Gilmour,Brighton and Hove Albion,0.4,9.0,2125,30,SCO
104,Danilo,Nottingham Forest,0.4,8.0,1796,29,BRA
105,Boubacar Kamara,Aston Villa,0.4,7.0,1659,20,FRA
105,Joel Veltman,Brighton and Hove Albion,0.4,7.0,1582,27,NED
107,Nathaniel Clyne,Crystal Palace,0.4,6.0,1337,19,ENG
107,Richarlison,Tottenham Hotspur,0.4,6.0,1492,28,BRA
107,Sergio Reguilon,Brentford,0.4,6.0,1534,25,ESP
110,Matt Doherty,Wolverhampton Wanderers,0.4,5.0,1142,30,IRL
110,Max Aarons,Bournemouth,0.4,5.0,1234,20,ENG
110,Sasa Lukic,Fulham,0.4,5.0,1119,24,SRB
113,Alex Scott,Bournemouth,0.4,4.0,1010,23,ENG
113,Elliot Anderson,Newcastle United,0.4,4.0,1022,21,SCO
113,Rodrigo Bentancur,Tottenham Hotspur,0.4,4.0,1007,23,URU
116,Conor Gallagher,Chelsea,0.3,11.0,3135,37,ENG
116,Declan Rice,Arsenal,0.3,11.0,3230,38,ENG
116,Ryan Christie,Bournemouth,0.3,11.0,2918,37,SCO
119,Timothy Castagne,Fulham,0.3,10.0,2633,34,BEL
119,Tyrick Mitchell,Crystal Palace,0.3,10.0,3208,37,ENG
121,Alfie Doughty,Luton Town,0.3,9.0,2937,37,ENG
121,Gustavo Hamer,Sheffield United,0.3,9.0,2923,36,NED
121,James Ward-Prowse,West Ham United,0.3,9.0,3005,37,ENG
121,Joao Palhinha,Fulham,0.3,9.0,2709,33,POR
121,Mario Lemina,Wolverhampton Wanderers,0.3,9.0,2974,35,GAB
121,Ross Barkley,Luton Town,0.3,9.0,2622,32,ENG
121,Vitaly Janelt,Brentford,0.3,9.0,3069,38,GER
128,Alexis Mac Allister,Liverpool,0.3,8.0,2609,33,ARG
128,Destiny Udogie,Tottenham Hotspur,0.3,8.0,2398,28,ITA
128,Joao Gomes,Wolverhampton Wanderers,0.3,8.0,2658,34,BRA
128,Josh Brownhill,Burnley,0.3,8.0,2251,33,ENG
128,Kieran Trippier,Newcastle United,0.3,8.0,2240,28,ENG
133,Idrissa Gana Gueye,Everton,0.3,7.0,1892,25,SEN
133,Matheus Cunha,Wolverhampton Wanderers,0.3,7.0,2453,32,BRA
135,Amadou Onana,Everton,0.3,6.0,2090,30,BEL
135,Andrew Robertson,Liverpool,0.3,6.0,1691,23,SCO
135,Darwin Nunez,Liverpool,0.3,6.0,2046,36,URU
135,Orel Mangala,Nottingham Forest,0.3,6.0,1569,20,BEL
135,Tahith Chong,Luton Town,0.3,6.0,1986,33,NED
140,Nicolás Dominguez,Nottingham Forest,0.3,5.0,1503,26,ARG
140,Philip Billing,Bournemouth,0.3,5.0,1393,29,DEN
142,Pervis Estupinán,Brighton and Hove Albion,0.3,4.0,1244,19,ECU
142,Takehiro Tomiyasu,Arsenal,0.3,4.0,1143,22,JPN
144,Jakub Kiwior,Arsenal,0.3,3.0,945,20,POL
144,Nathan Patterson,Everton,0.3,3.0,999,20,SCO
144,Tariq Lamptey,Brighton and Hove Albion,0.3,3.0,912,19,GHA
147,Antonee Robinson,Fulham,0.2,8.0,3270,37,USA
147,Douglas Luiz,Aston Villa,0.2,8.0,3001,35,BRA
147,Morgan Gibbs-White,Nottingham Forest,0.2,8.0,3160,37,ENG
147,Nélson Semedo,Wolverhampton Wanderers,0.2,8.0,3092,36,POR
147,Pascal Gross,Brighton and Hove Albion,0.2,8.0,3114,36,GER
147,Rodri,Manchester City,0.2,8.0,2938,34,ESP
153,Dwight McNeil,Everton,0.2,7.0,2897,35,ENG
153,Sean Longstaff,Newcastle United,0.2,7.0,2746,35,ENG
155,Ashley Young,Everton,0.2,6.0,2288,31,ENG
155,Bruno Fernandes,Manchester United,0.2,6.0,3119,35,POR
155,Christian Nørgaard,Brentford,0.2,6.0,2513,31,DEN
155,Kyle Walker,Manchester City,0.2,6.0,2767,32,ENG
155,Mathias Jensen,Brentford,0.2,6.0,2217,32,DEN
155,Rayan Ait Nouri,Wolverhampton Wanderers,0.2,6.0,2344,33,ALG
155,Vitinho,Burnley,0.2,6.0,2316,32,BRA
162,Carlton Morris,Luton Town,0.2,5.0,2867,38,ENG
162,Jack Harrison,Everton,0.2,5.0,2219,29,ENG
162,Nicolas Jackson,Chelsea,0.2,5.0,2804,35,SEN
162,Pape Sarr,Tottenham Hotspur,0.2,5.0,2085,34,SEN
162,Yves Bissouma,Tottenham Hotspur,0.2,5.0,2081,28,MLI
167,Cody Gakpo,Liverpool,0.2,4.0,1644,35,NED
167,Dominic Calvert-Lewin,Everton,0.2,4.0,2185,32,ENG
167,Jean-Philippe Mateta,Crystal Palace,0.2,4.0,2283,35,FRA
167,Joseph Gomez,Liverpool,0.2,4.0,1779,32,ENG
167,Malo Gusto,Chelsea,0.2,4.0,1755,27,FRA
167,Tom Cairney,Fulham,0.2,4.0,1475,34,SCO
173,Dango Ouattara,Bournemouth,0.2,3.0,1220,30,BFA
173,Evan Ferguson,Brighton and Hove Albion,0.2,3.0,1365,27,IRL
173,Facundo Buonanotte,Brighton and Hove Albion,0.2,3.0,1368,27,ARG
173,Harry Wilson,Fulham,0.2,3.0,1614,35,WAL
173,Jordan Clark,Luton Town,0.2,3.0,1306,23,ENG
173,Michail Antonio,West Ham United,0.2,3.0,1710,26,JAM
173,Ola Aina,Nottingham Forest,0.2,3.0,1700,22,NGA
173,Oleksandr Zinchenko,Arsenal,0.2,3.0,1722,27,UKR
173,Raul Jiménez,Fulham,0.2,3.0,1402,24,MEX
173,Rodrigo Muniz,Fulham,0.2,3.0,1597,26,BRA
173,Youri Tielemans,Aston Villa,0.2,3.0,1620,32,BEL
184,Álex Moreno,Aston Villa,0.2,2.0,1030,21,ESP
184,Boubacar Traore,Wolverhampton Wanderers,0.2,2.0,804,24,MLI
184,Jack Grealish,Manchester City,0.2,2.0,1003,20,ENG
184,Jean-Ricner Bellegarde,Wolverhampton Wanderers,0.2,2.0,958,22,HAI
184,Ryan Gravenberch,Liverpool,0.2,2.0,1121,26,NED
184,Saman Ghoddos,Brentford,0.2,2.0,729,19,IRN
184,Taiwo Awoniyi,Nottingham Forest,0.2,2.0,1046,20,NGA
191,Armando Broja,Chelsea,0.2,1.0,535,21,ALB
191,Cauley Woodrow,Luton Town,0.2,1.0,409,24,ENG
191,Danny Ings,West Ham United,0.2,1.0,390,20,ENG
191,Giovani Lo Celso,Tottenham Hotspur,0.2,1.0,495,22,ARG
195,Dominic Solanke,Bournemouth,0.1,5.0,3331,38,ENG
195,Jarrod Bowen,West Ham United,0.1,5.0,3020,34,ENG
197,Bernardo Silva,Manchester City,0.1,4.0,2581,33,POR
197,John McGinn,Aston Villa,0.1,4.0,3009,35,SCO
197,Ollie Watkins,Aston Villa,0.1,4.0,3221,37,ENG
200,Abdoulaye Doucouré,Everton,0.1,3.0,2637,32,MLI
200,Cameron Archer,Sheffield United,0.1,3.0,1839,30,ENG
200,Chiedozie Ogbene,Luton Town,0.1,3.0,1993,30,IRL
200,Chris Wood,Nottingham Forest,0.1,3.0,1806,31,NZL
200,James Maddison,Tottenham Hotspur,0.1,3.0,2152,28,ENG
200,Lyle Foster,Burnley,0.1,3.0,1906,24,RSA
200,Mads Roerslev,Brentford,0.1,3.0,1987,34,DEN
200,Marcus Tavernier,Bournemouth,0.1,3.0,2129,30,ENG
200,Yoane Wissa,Brentford,0.1,3.0,2508,34,COD
209,Alejandro Garnacho,Manchester United,0.1,2.0,2573,36,ARG
209,Andreas Pereira,Fulham,0.1,2.0,2637,37,BRA
209,Anthony Elanga,Nottingham Forest,0.1,2.0,2434,36,SWE
209,Antoine Semenyo,Bournemouth,0.1,2.0,2111,33,GHA
209,Ben Osborn,Sheffield United,0.1,2.0,1359,24,ENG
209,Bobby Reid,Fulham,0.1,2.0,1424,33,JAM
209,Brennan Johnson,Tottenham Hotspur,0.1,2.0,2330,35,WAL
209,Bryan Mbeumo,Brentford,0.1,2.0,1959,25,CMR
209,Bukayo Saka,Arsenal,0.1,2.0,2933,35,ENG
209,Cole Palmer,Chelsea,0.1,2.0,2624,34,ENG
209,Dominik Szoboszlai,Liverpool,0.1,2.0,2109,33,HUN
209,Eberechi Eze,Crystal Palace,0.1,2.0,2065,27,ENG
209,Elijah Adebayo,Luton Town,0.1,2.0,1418,27,ENG
209,Jacob Bruun Larsen,Burnley,0.1,2.0,1248,32,DEN
209,Jeffrey Schlupp,Crystal Palace,0.1,2.0,1355,29,GHA
209,Joao Pedro,Brighton and Hove Albion,0.1,2.0,2043,31,BRA
209,Jordan Ayew,Crystal Palace,0.1,2.0,2549,35,GHA
209,Keane Lewis-Potter,Brentford,0.1,2.0,1441,30,ENG
209,Lucas Digne,Aston Villa,0.1,2.0,2410,33,FRA
209,Miguel Almiron,Newcastle United,0.1,2.0,1945,33,PAR
209,Nathan Aké,Manchester City,0.1,2.0,2044,29,NED
209,Oliver McBurnie,Sheffield United,0.1,2.0,1283,21,SCO
209,Trent Alexander-Arnold,Liverpool,0.1,2.0,2159,28,ENG
209,Wataru Endo,Liverpool,0.1,2.0,1719,29,JPN
209,Wilson Odobert,Burnley,0.1,2.0,2107,29,FRA
234,Adam Lallana,Brighton and Hove Albion,0.1,1.0,846,25,ENG
234,Andre Brooks,Sheffield United,0.1,1.0,942,20,ENG
234,Antony,Manchester United,0.1,1.0,1323,29,BRA
234,Diogo Jota,Liverpool,0.1,1.0,1150,21,POR
234,Gabriel Jesus,Arsenal,0.1,1.0,1482,27,BRA
234,Jacob Brown,Luton Town,0.1,1.0,1020,19,SCO
234,Jay Rodriguez,Burnley,0.1,1.0,813,21,ENG
234,Jorginho,Arsenal,0.1,1.0,919,24,ITA
234,Kaoru Mitoma,Brighton and Hove Albion,0.1,1.0,1488,19,JPN
234,Leandro Trossard,Arsenal,0.1,1.0,1646,34,BEL
234,Mateo Kovacic,Manchester City,0.1,1.0,1548,30,CRO
234,Matheus Nunes,Manchester City,0.1,1.0,833,19,POR
234,Mikkel Damsgaard,Brentford,0.1,1.0,835,23,DEN
234,Mykhaylo Mudryk,Chelsea,0.1,1.0,1578,31,UKR
234,Odsonne Edouard,Crystal Palace,0.1,1.0,1552,30,FRA
234,Oliver Skipp,Tottenham Hotspur,0.1,1.0,694,21,ENG
234,Pablo Sarabia,Wolverhampton Wanderers,0.1,1.0,1748,30,ESP
234,Pedro Neto,Wolverhampton Wanderers,0.1,1.0,1518,20,POR
234,William Osula,Sheffield United,0.1,1.0,783,21,DEN
253,Alexander Isak,Newcastle United,0.0,1.0,2265,30,SWE
253,Callum Hudson-Odoi,Nottingham Forest,0.0,1.0,1854,29,ENG
253,Dejan Kulusevski,Tottenham Hotspur,0.0,1.0,2763,36,SWE
253,Erling Haaland,Manchester City,0.0,1.0,2556,31,NOR
253,Gabriel Martinelli,Arsenal,0.0,1.0,2029,35,BRA
253,Hee-Chan Hwang,Wolverhampton Wanderers,0.0,1.0,2124,29,KOR
253,Heung-Min Son,Tottenham Hotspur,0.0,1.0,2946,35,KOR
253,Justin Kluivert,Bournemouth,0.0,1.0,1934,32,NED
253,Kai Havertz,Arsenal,0.0,1.0,2639,37,GER
253,Leon Bailey,Aston Villa,0.0,1.0,2072,35,JAM
253,Lucas Paquetá,West Ham United,0.0,1.0,2634,31,BRA
253,Marcus Rashford,Manchester United,0.0,1.0,2278,33,ENG
253,Martin Ødegaard,Arsenal,0.0,1.0,3098,35,NOR
253,Mohamed Salah,Liverpool,0.0,1.0,2535,32,EGY
253,Moussa Diaby,Aston Villa,0.0,1.0,2184,38,FRA
253,Rasmus Højlund,Manchester United,0.0,1.0,2169,30,DEN
253,Simon Adingra,Brighton and Hove Albion,0.0,1.0,2230,31,CIV
