season,team,matches_played,pts_total,goals_for,goals_against,gd_total,xG_total,xGA_total,npxG_total,cards_total,shots_total,shots_on_target_total,pts_per_match,gd_per_match,shots_per_match,season_int
2010_2011,Arsenal,38,68,72.0,43.0,29.0,0.0,0.0,0.0,86.0,595.0,342.0,1.7894736842105263,0.7631578947368421,15.657894736842104,2010
2010_2011,Aston Villa,38,48,48.0,59.0,-11.0,0.0,0.0,0.0,77.0,436.0,241.0,1.263157894736842,-0.2894736842105263,11.473684210526315,2010
2010_2011,Birmingham,38,39,37.0,58.0,-21.0,0.0,0.0,0.0,66.0,327.0,155.0,1.0263157894736843,-0.5526315789473685,8.605263157894736,2010
2010_2011,Blackburn,38,43,46.0,59.0,-13.0,0.0,0.0,0.0,77.0,385.0,191.0,1.131578947368421,-0.34210526315789475,10.131578947368421,2010
2010_2011,Blackpool,38,39,55.0,78.0,-23.0,0.0,0.0,0.0,53.0,446.0,235.0,1.0263157894736843,-0.6052631578947368,11.736842105263158,2010
2010_2011,Bolton,38,46,52.0,56.0,-4.0,0.0,0.0,0.0,82.0,498.0,275.0,1.2105263157894737,-0.10526315789473684,13.105263157894736,2010
2010_2011,Chelsea,38,71,69.0,33.0,36.0,0.0,0.0,0.0,62.0,635.0,344.0,1.868421052631579,0.9473684210526315,16.710526315789473,2010
2010_2011,Everton,38,54,51.0,45.0,6.0,0.0,0.0,0.0,73.0,509.0,286.0,1.4210526315789473,0.15789473684210525,13.394736842105264,2010
2010_2011,Fulham,38,49,49.0,43.0,6.0,0.0,0.0,0.0,54.0,456.0,250.0,1.2894736842105263,0.15789473684210525,12.0,2010
2010_2011,Liverpool,38,58,59.0,44.0,15.0,0.0,0.0,0.0,69.0,475.0,268.0,1.5263157894736843,0.39473684210526316,12.5,2010
2010_2011,Manchester City,38,71,60.0,33.0,27.0,0.0,0.0,0.0,89.0,477.0,276.0,1.868421052631579,0.7105263157894737,12.552631578947368,2010
2010_2011,Manchester United,38,80,78.0,37.0,41.0,0.0,0.0,0.0,67.0,543.0,310.0,2.1052631578947367,1.0789473684210527,14.289473684210526,2010
2010_2011,Newcastle United,38,46,56.0,57.0,-1.0,0.0,0.0,0.0,81.0,434.0,252.0,1.2105263157894737,-0.02631578947368421,11.421052631578947,2010
2010_2011,Stoke City,38,46,46.0,48.0,-2.0,0.0,0.0,0.0,73.0,410.0,204.0,1.2105263157894737,-0.05263157894736842,10.789473684210526,2010
2010_2011,Sunderland,38,47,45.0,56.0,-11.0,0.0,0.0,0.0,74.0,450.0,230.0,1.236842105263158,-0.2894736842105263,11.842105263157896,2010
2010_2011,Tottenham Hotspur,38,62,55.0,46.0,9.0,0.0,0.0,0.0,57.0,560.0,321.0,1.631578947368421,0.23684210526315788,14.736842105263158,2010
2010_2011,West Bromwich Albion,38,47,56.0,71.0,-15.0,0.0,0.0,0.0,75.0,523.0,287.0,1.236842105263158,-0.39473684210526316,13.763157894736842,2010
2010_2011,West Ham United,38,33,43.0,70.0,-27.0,0.0,0.0,0.0,61.0,469.0,246.0,0.868421052631579,-0.7105263157894737,12.342105263157896,2010
2010_2011,Wigan,38,42,40.0,61.0,-21.0,0.0,0.0,0.0,80.0,450.0,253.0,1.105263157894737,-0.5526315789473685,11.842105263157896,2010
2010_2011,Wolverhampton Wanderers,38,40,46.0,66.0,-20.0,0.0,0.0,0.0,69.0,371.0,207.0,1.0526315789473684,-0.5263157894736842,9.763157894736842,2010
2011_2012,Arsenal,38,70,74.0,49.0,25.0,0.0,0.0,0.0,79.0,585.0,352.0,1.8421052631578947,0.6578947368421053,15.394736842105264,2011
2011_2012,Aston Villa,38,38,37.0,53.0,-16.0,0.0,0.0,0.0,76.0,404.0,203.0,1.0,-0.42105263157894735,10.631578947368421,2011
2011_2012,Blackburn,38,31,48.0,78.0,-30.0,0.0,0.0,0.0,83.0,415.0,238.0,0.8157894736842105,-0.7894736842105263,10.921052631578947,2011
2011_2012,Bolton,38,36,46.0,77.0,-31.0,0.0,0.0,0.0,66.0,447.0,275.0,0.9473684210526315,-0.8157894736842105,11.763157894736842,2011
2011_2012,Chelsea,38,64,65.0,46.0,19.0,0.0,0.0,0.0,87.0,616.0,334.0,1.6842105263157894,0.5,16.210526315789473,2011
2011_2012,Everton,38,56,50.0,40.0,10.0,0.0,0.0,0.0,64.0,474.0,253.0,1.4736842105263157,0.2631578947368421,12.473684210526315,2011
2011_2012,Fulham,38,52,48.0,51.0,-3.0,0.0,0.0,0.0,54.0,489.0,301.0,1.368421052631579,-0.07894736842105263,12.868421052631579,2011
2011_2012,Liverpool,38,52,47.0,40.0,7.0,0.0,0.0,0.0,71.0,612.0,330.0,1.368421052631579,0.18421052631578946,16.105263157894736,2011
2011_2012,Manchester City,38,89,93.0,29.0,64.0,0.0,0.0,0.0,71.0,666.0,399.0,2.3421052631578947,1.6842105263157894,17.526315789473685,2011
2011_2012,Manchester United,38,89,89.0,33.0,56.0,0.0,0.0,0.0,54.0,592.0,369.0,2.3421052631578947,1.4736842105263157,15.578947368421053,2011
2011_2012,Newcastle United,38,65,56.0,51.0,5.0,0.0,0.0,0.0,73.0,451.0,255.0,1.7105263157894737,0.13157894736842105,11.868421052631579,2011
2011_2012,Norwich City,38,47,52.0,66.0,-14.0,0.0,0.0,0.0,68.0,474.0,254.0,1.236842105263158,-0.3684210526315789,12.473684210526315,2011
2011_2012,Queens Park Rangers,38,37,43.0,66.0,-23.0,0.0,0.0,0.0,84.0,494.0,264.0,0.9736842105263158,-0.6052631578947368,13.0,2011
2011_2012,Stoke City,38,45,36.0,53.0,-17.0,0.0,0.0,0.0,67.0,340.0,151.0,1.1842105263157894,-0.4473684210526316,8.947368421052632,2011
2011_2012,Sunderland,38,45,45.0,46.0,-1.0,0.0,0.0,0.0,69.0,417.0,233.0,1.1842105263157894,-0.02631578947368421,10.973684210526315,2011
2011_2012,Swansea,38,47,44.0,51.0,-7.0,0.0,0.0,0.0,46.0,420.0,241.0,1.236842105263158,-0.18421052631578946,11.052631578947368,2011
2011_2012,Tottenham Hotspur,38,69,66.0,41.0,25.0,0.0,0.0,0.0,54.0,635.0,373.0,1.8157894736842106,0.6578947368421053,16.710526315789473,2011
2011_2012,West Bromwich Albion,38,47,45.0,52.0,-7.0,0.0,0.0,0.0,51.0,470.0,264.0,1.236842105263158,-0.18421052631578946,12.368421052631579,2011
2011_2012,Wigan,38,43,42.0,62.0,-20.0,0.0,0.0,0.0,77.0,456.0,258.0,1.131578947368421,-0.5263157894736842,12.0,2011
2011_2012,Wolverhampton Wanderers,38,25,40.0,82.0,-42.0,0.0,0.0,0.0,76.0,411.0,229.0,0.6578947368421053,-1.105263157894737,10.81578947368421,2011
2012_2013,Arsenal,38,73,72.0,37.0,35.0,0.0,0.0,0.0,59.0,546.0,326.0,1.9210526315789473,0.9210526315789473,14.368421052631579,2012
2012_2013,Aston Villa,38,41,47.0,69.0,-22.0,0.0,0.0,0.0,83.0,393.0,225.0,1.0789473684210527,-0.5789473684210527,10.342105263157896,2012
2012_2013,Chelsea,38,75,75.0,39.0,36.0,0.0,0.0,0.0,61.0,569.0,336.0,1.9736842105263157,0.9473684210526315,14.973684210526315,2012
2012_2013,Everton,38,63,55.0,40.0,15.0,0.0,0.0,0.0,69.0,561.0,321.0,1.6578947368421053,0.39473684210526316,14.763157894736842,2012
2012_2013,Fulham,38,43,50.0,60.0,-10.0,0.0,0.0,0.0,57.0,425.0,244.0,1.131578947368421,-0.2631578947368421,11.18421052631579,2012
2012_2013,Liverpool,38,61,71.0,43.0,28.0,0.0,0.0,0.0,60.0,669.0,385.0,1.605263157894737,0.7368421052631579,17.605263157894736,2012
2012_2013,Manchester City,38,78,66.0,34.0,32.0,0.0,0.0,0.0,72.0,601.0,352.0,2.0526315789473686,0.8421052631578947,15.81578947368421,2012
2012_2013,Manchester United,38,89,86.0,43.0,43.0,0.0,0.0,0.0,60.0,512.0,299.0,2.3421052631578947,1.131578947368421,13.473684210526315,2012
2012_2013,Newcastle United,38,41,45.0,68.0,-23.0,0.0,0.0,0.0,84.0,471.0,252.0,1.0789473684210527,-0.6052631578947368,12.394736842105264,2012
2012_2013,Norwich City,38,44,41.0,58.0,-17.0,0.0,0.0,0.0,63.0,372.0,203.0,1.1578947368421053,-0.4473684210526316,9.789473684210526,2012
2012_2013,Queens Park Rangers,38,25,30.0,60.0,-30.0,0.0,0.0,0.0,68.0,465.0,245.0,0.6578947368421053,-0.7894736842105263,12.236842105263158,2012
2012_2013,Reading,38,28,43.0,73.0,-30.0,0.0,0.0,0.0,48.0,351.0,179.0,0.7368421052631579,-0.7894736842105263,9.236842105263158,2012
2012_2013,Southampton,38,41,49.0,60.0,-11.0,0.0,0.0,0.0,49.0,473.0,254.0,1.0789473684210527,-0.2894736842105263,12.447368421052632,2012
2012_2013,Stoke City,38,42,34.0,45.0,-11.0,0.0,0.0,0.0,92.0,338.0,165.0,1.105263157894737,-0.2894736842105263,8.894736842105264,2012
2012_2013,Sunderland,38,39,41.0,54.0,-13.0,0.0,0.0,0.0,71.0,378.0,221.0,1.0263157894736843,-0.34210526315789475,9.947368421052632,2012
2012_2013,Swansea,38,46,47.0,51.0,-4.0,0.0,0.0,0.0,64.0,460.0,262.0,1.2105263157894737,-0.10526315789473684,12.105263157894736,2012
2012_2013,Tottenham Hotspur,38,72,66.0,46.0,20.0,0.0,0.0,0.0,59.0,617.0,381.0,1.894736842105263,0.5263157894736842,16.236842105263158,2012
2012_2013,West Bromwich Albion,38,49,53.0,57.0,-4.0,0.0,0.0,0.0,74.0,460.0,253.0,1.2894736842105263,-0.10526315789473684,12.105263157894736,2012
2012_2013,West Ham United,38,46,45.0,53.0,-8.0,0.0,0.0,0.0,77.0,439.0,250.0,1.2105263157894737,-0.21052631578947367,11.552631578947368,2012
2012_2013,Wigan,38,36,47.0,73.0,-26.0,0.0,0.0,0.0,72.0,452.0,257.0,0.9473684210526315,-0.6842105263157895,11.894736842105264,2012
2013_2014,Arsenal,38,79,68.0,41.0,27.0,0.0,0.0,0.0,65.0,524.0,210.0,2.0789473684210527,0.7105263157894737,13.789473684210526,2013
2013_2014,Aston Villa,38,38,39.0,61.0,-22.0,0.0,0.0,0.0,78.0,430.0,134.0,1.0,-0.5789473684210527,11.31578947368421,2013
2013_2014,Cardiff City,38,30,32.0,74.0,-42.0,0.0,0.0,0.0,52.0,419.0,126.0,0.7894736842105263,-1.105263157894737,11.026315789473685,2013
2013_2014,Chelsea,38,82,71.0,27.0,44.0,0.0,0.0,0.0,65.0,693.0,228.0,2.1578947368421053,1.1578947368421053,18.236842105263158,2013
2013_2014,Crystal Palace,38,45,33.0,48.0,-15.0,0.0,0.0,0.0,63.0,414.0,143.0,1.1842105263157894,-0.39473684210526316,10.894736842105264,2013
2013_2014,Everton,38,72,61.0,39.0,22.0,0.0,0.0,0.0,57.0,560.0,195.0,1.894736842105263,0.5789473684210527,14.736842105263158,2013
2013_2014,Fulham,38,32,40.0,85.0,-45.0,0.0,0.0,0.0,60.0,431.0,149.0,0.8421052631578947,-1.1842105263157894,11.342105263157896,2013
2013_2014,Hull City,38,37,38.0,53.0,-15.0,0.0,0.0,0.0,65.0,425.0,129.0,0.9736842105263158,-0.39473684210526316,11.18421052631579,2013
2013_2014,Liverpool,38,84,101.0,50.0,51.0,0.0,0.0,0.0,57.0,650.0,259.0,2.210526315789474,1.3421052631578947,17.105263157894736,2013
2013_2014,Manchester City,38,86,102.0,37.0,65.0,0.0,0.0,0.0,75.0,673.0,238.0,2.263157894736842,1.7105263157894737,17.710526315789473,2013
2013_2014,Manchester United,38,64,64.0,43.0,21.0,0.0,0.0,0.0,75.0,525.0,181.0,1.6842105263157894,0.5526315789473685,13.81578947368421,2013
2013_2014,Newcastle United,38,49,43.0,59.0,-16.0,0.0,0.0,0.0,70.0,579.0,184.0,1.2894736842105263,-0.42105263157894735,15.236842105263158,2013
2013_2014,Norwich City,38,33,28.0,62.0,-34.0,0.0,0.0,0.0,68.0,464.0,146.0,0.868421052631579,-0.8947368421052632,12.210526315789474,2013
2013_2014,Southampton,38,56,54.0,46.0,8.0,0.0,0.0,0.0,60.0,531.0,177.0,1.4736842105263157,0.21052631578947367,13.973684210526315,2013
2013_2014,Stoke City,38,50,45.0,52.0,-7.0,0.0,0.0,0.0,87.0,425.0,139.0,1.3157894736842106,-0.18421052631578946,11.18421052631579,2013
2013_2014,Sunderland,38,38,41.0,60.0,-19.0,0.0,0.0,0.0,89.0,490.0,137.0,1.0,-0.5,12.894736842105264,2013
2013_2014,Swansea,38,42,54.0,54.0,0.0,0.0,0.0,0.0,64.0,494.0,163.0,1.105263157894737,0.0,13.0,2013
2013_2014,Tottenham Hotspur,38,69,55.0,51.0,4.0,0.0,0.0,0.0,78.0,584.0,189.0,1.8157894736842106,0.10526315789473684,15.368421052631579,2013
2013_2014,West Bromwich Albion,38,36,43.0,59.0,-16.0,0.0,0.0,0.0,67.0,485.0,145.0,0.9473684210526315,-0.42105263157894735,12.763157894736842,2013
2013_2014,West Ham United,38,40,40.0,51.0,-11.0,0.0,0.0,0.0,76.0,418.0,119.0,1.0526315789473684,-0.2894736842105263,11.0,2013
2014_2015,Arsenal,38,75,71.0,36.0,35.0,69.802591,35.718825,64.474404,74.0,612.0,228.0,1.9736842105263157,0.9210526315789473,16.105263157894736,2014
2014_2015,Aston Villa,38,38,31.0,57.0,-26.0,33.102671,49.706255999999996,32.341501,91.0,414.0,127.0,1.0,-0.6842105263157895,10.894736842105264,2014
2014_2015,Burnley,38,33,28.0,53.0,-25.0,39.372649,57.888856,37.08914,70.0,429.0,125.0,0.868421052631579,-0.6578947368421053,11.289473684210526,2014
2014_2015,Chelsea,38,87,73.0,32.0,41.0,68.64332,31.5243441,64.740402,89.0,563.0,210.0,2.289473684210526,1.0789473684210527,14.81578947368421,2014
2014_2015,Crystal Palace,38,48,47.0,51.0,-4.0,44.756683,45.484365,40.052909,75.0,438.0,139.0,1.263157894736842,-0.10526315789473684,11.526315789473685,2014
2014_2015,Everton,38,47,48.0,50.0,-2.0,44.888185,46.182073,39.560085,72.0,484.0,166.0,1.236842105263158,-0.05263157894736842,12.736842105263158,2014
2014_2015,Hull City,38,35,33.0,51.0,-18.0,32.791033,46.992957000000004,32.029898,89.0,429.0,131.0,0.9210526315789473,-0.47368421052631576,11.289473684210526,2014
2014_2015,Leicester City,38,41,46.0,55.0,-9.0,48.206401,56.392116,45.161721,61.0,457.0,137.0,1.0789473684210527,-0.23684210526315788,12.026315789473685,2014
2014_2015,Liverpool,38,62,52.0,48.0,4.0,51.697226,38.249721,47.13021,75.0,590.0,194.0,1.631578947368421,0.10526315789473684,15.526315789473685,2014
2014_2015,Manchester City,38,79,83.0,38.0,45.0,75.81544099999999,40.499403,69.60909099999999,83.0,668.0,228.0,2.0789473684210527,1.1842105263157894,17.57894736842105,2014
2014_2015,Manchester United,38,70,62.0,37.0,25.0,54.20686,39.842347,50.401013,79.0,509.0,179.0,1.8421052631578947,0.6578947368421053,13.394736842105264,2014
2014_2015,Newcastle United,38,39,40.0,63.0,-23.0,40.221386,51.014275,39.460251,87.0,467.0,143.0,1.0263157894736843,-0.6052631578947368,12.289473684210526,2014
2014_2015,Queens Park Rangers,38,30,42.0,73.0,-31.0,45.726091,65.262558,41.907666,84.0,533.0,151.0,0.7894736842105263,-0.8157894736842105,14.026315789473685,2014
2014_2015,Southampton,38,60,54.0,33.0,21.0,54.965666999999996,39.11352,52.682172,66.0,506.0,170.0,1.5789473684210527,0.5526315789473685,13.31578947368421,2014
2014_2015,Stoke City,38,54,48.0,45.0,3.0,46.260597,47.030662,43.977084,85.0,501.0,136.0,1.4210526315789473,0.07894736842105263,13.18421052631579,2014
2014_2015,Sunderland,38,38,31.0,53.0,-22.0,37.446153,51.464371,34.401476,100.0,404.0,129.0,1.0,-0.5789473684210527,10.631578947368421,2014
2014_2015,Swansea,38,56,46.0,49.0,-3.0,40.901235,55.94297,39.3789,63.0,422.0,147.0,1.4736842105263157,-0.07894736842105263,11.105263157894736,2014
2014_2015,Tottenham Hotspur,38,64,58.0,53.0,5.0,52.385284,57.044148,48.427014,91.0,524.0,172.0,1.6842105263157894,0.13157894736842105,13.789473684210526,2014
2014_2015,West Bromwich Albion,38,44,38.0,51.0,-13.0,38.627729099999996,53.748536,34.8219141,73.0,411.0,130.0,1.1578947368421053,-0.34210526315789475,10.81578947368421,2014
2014_2015,West Ham United,38,47,44.0,47.0,-3.0,46.687234000000004,57.402133,45.164894000000004,70.0,485.0,152.0,1.236842105263158,-0.07894736842105263,12.763157894736842,2014
2014_2015,nan,4,4,0.0,0.0,0.0,0.0,0.0,0.0,0.0,0.0,0.0,1.0,0.0,0.0,2014
2015_2016,Arsenal,38,71,65.0,36.0,29.0,69.800718,31.9258814,68.278383,51.0,572.0,210.0,1.868421052631579,0.7631578947368421,15.052631578947368,2015
2015_2016,Aston Villa,38,17,27.0,76.0,-49.0,26.2013484,57.865833,24.6790064,84.0,378.0,111.0,0.4473684210526316,-1.2894736842105263,9.947368421052632,2015
2015_2016,Bournemouth,38,42,45.0,67.0,-22.0,37.531568,52.344758999999996,34.486884,55.0,463.0,144.0,1.105263157894737,-0.5789473684210527,12.18421052631579,2015
2015_2016,Chelsea,38,50,59.0,53.0,6.0,52.210849,43.917396,48.405009,76.0,526.0,173.0,1.3157894736842106,0.15789473684210525,13.842105263157896,2015
2015_2016,Crystal Palace,38,42,39.0,51.0,-12.0,38.997037,48.759484,35.191188,63.0,466.0,152.0,1.105263157894737,-0.3157894736842105,12.263157894736842,2015
2015_2016,Everton,38,47,59.0,55.0,4.0,52.2833319,53.558304,48.4775319,59.0,492.0,175.0,1.236842105263158,0.10526315789473684,12.947368421052632,2015
2015_2016,Leicester City,38,81,68.0,36.0,32.0,67.11848,41.520984,57.223313,57.0,523.0,181.0,2.1315789473684212,0.8421052631578947,13.763157894736842,2015
2015_2016,Liverpool,38,60,63.0,50.0,13.0,52.035632,35.4734219,50.513294,70.0,629.0,203.0,1.5789473684210527,0.34210526315789475,16.55263157894737,2015
2015_2016,Manchester City,38,66,71.0,41.0,30.0,65.247664,34.800331,59.1583,61.0,612.0,210.0,1.736842105263158,0.7894736842105263,16.105263157894736,2015
2015_2016,Manchester United,38,66,49.0,35.0,14.0,42.185213,37.140073,39.901712,68.0,430.0,143.0,1.736842105263158,0.3684210526315789,11.31578947368421,2015
2015_2016,Newcastle United,38,37,44.0,65.0,-21.0,37.6056604,55.4230604,35.3221654,73.0,398.0,152.0,0.9736842105263158,-0.5526315789473685,10.473684210526315,2015
2015_2016,Norwich City,38,34,39.0,67.0,-28.0,39.187494,58.930607,38.426328,70.0,416.0,126.0,0.8947368421052632,-0.7368421052631579,10.947368421052632,2015
2015_2016,Southampton,38,63,59.0,41.0,18.0,56.201605,44.291609,53.08501,75.0,519.0,169.0,1.6578947368421053,0.47368421052631576,13.657894736842104,2015
2015_2016,Stoke City,38,51,41.0,55.0,-14.0,42.275664,51.897197,38.469894000000004,63.0,418.0,130.0,1.3421052631578947,-0.3684210526315789,11.0,2015
2015_2016,Sunderland,38,39,48.0,62.0,-14.0,39.209782,58.1540393,36.926274,68.0,439.0,143.0,1.0263157894736843,-0.3684210526315789,11.552631578947368,2015
2015_2016,Swansea,38,47,42.0,52.0,-10.0,38.305327,50.802301,34.499483,65.0,442.0,136.0,1.236842105263158,-0.2631578947368421,11.631578947368421,2015
2015_2016,Tottenham Hotspur,38,70,69.0,35.0,34.0,61.045522,36.16651,57.239716,72.0,661.0,250.0,1.8421052631578947,0.8947368421052632,17.394736842105264,2015
2015_2016,Watford,38,45,40.0,50.0,-10.0,40.509319,50.591188,35.181134,83.0,445.0,136.0,1.1842105263157894,-0.2631578947368421,11.710526315789474,2015
2015_2016,West Bromwich Albion,38,43,34.0,48.0,-14.0,37.4464203,50.757566000000004,33.6229473,72.0,384.0,106.0,1.131578947368421,-0.3684210526315789,10.105263157894736,2015
2015_2016,West Ham United,38,62,65.0,51.0,14.0,54.400567,55.478657,51.355889,71.0,556.0,184.0,1.631578947368421,0.3684210526315789,14.631578947368421,2015
2016_2017,Arsenal,38,75,77.0,44.0,33.0,63.581257,47.071277,59.014236,76.0,565.0,200.0,1.9736842105263157,0.868421052631579,14.868421052631579,2016
2016_2017,Bournemouth,38,46,55.0,67.0,-12.0,50.016134,62.992387,42.404434800000004,60.0,446.0,160.0,1.2105263157894737,-0.3157894736842105,11.736842105263158,2016
2016_2017,Burnley,38,40,39.0,55.0,-16.0,35.020729,53.863496999999995,30.453709,71.0,390.0,120.0,1.0526315789473684,-0.42105263157894735,10.263157894736842,2016
2016_2017,Chelsea,38,93,85.0,33.0,52.0,60.884133,27.609469400000002,57.695159000000004,72.0,580.0,204.0,2.4473684210526314,1.368421052631579,15.263157894736842,2016
2016_2017,Crystal Palace,38,41,50.0,63.0,-13.0,44.36107,47.569544,39.032897,77.0,438.0,138.0,1.0789473684210527,-0.34210526315789475,11.526315789473685,2016
2016_2017,Everton,38,61,62.0,44.0,18.0,47.8980961,43.052169,44.853419099999996,77.0,498.0,192.0,1.605263157894737,0.47368421052631576,13.105263157894736,2016
2016_2017,Hull City,38,34,37.0,80.0,-43.0,32.194932,65.716474,29.911427,82.0,396.0,127.0,0.8947368421052632,-1.131578947368421,10.421052631578947,2016
2016_2017,Leicester City,38,44,48.0,63.0,-15.0,44.340833,51.304373,39.65696,74.0,432.0,145.0,1.1578947368421053,-0.39473684210526316,11.368421052631579,2016
2016_2017,Liverpool,38,76,78.0,42.0,36.0,64.754328,37.1955405,58.664979,54.0,638.0,236.0,2.0,0.9473684210526315,16.789473684210527,2016
2016_2017,Manchester City,38,78,80.0,39.0,41.0,78.227848,29.110054,71.377408,83.0,633.0,217.0,2.0526315789473686,1.0789473684210527,16.657894736842106,2016
2016_2017,Manchester United,38,69,54.0,29.0,25.0,56.298299,30.913591,53.253618,82.0,589.0,210.0,1.8157894736842106,0.6578947368421053,15.5,2016
2016_2017,Middlesbrough,38,28,27.0,53.0,-26.0,28.9805163,55.0800209,27.4581753,79.0,349.0,100.0,0.7368421052631579,-0.6842105263157895,9.18421052631579,2016
2016_2017,Southampton,38,46,41.0,48.0,-7.0,49.2610075,42.750927,44.6939935,64.0,548.0,179.0,1.2105263157894737,-0.18421052631578946,14.421052631578947,2016
2016_2017,Stoke City,38,44,41.0,56.0,-15.0,43.522608,46.334637,38.95559,76.0,426.0,137.0,1.1578947368421053,-0.39473684210526316,11.210526315789474,2016
2016_2017,Sunderland,38,24,29.0,69.0,-40.0,34.22368,65.663528,30.4178331,88.0,387.0,121.0,0.631578947368421,-1.0526315789473684,10.18421052631579,2016
2016_2017,Swansea,38,41,45.0,70.0,-25.0,36.1377029,60.851635,33.8541939,56.0,390.0,146.0,1.0789473684210527,-0.6578947368421053,10.263157894736842,2016
2016_2017,Tottenham Hotspur,38,86,86.0,26.0,60.0,66.225759,32.2985429,59.375229,62.0,669.0,257.0,2.263157894736842,1.5789473684210527,17.605263157894736,2016
2016_2017,Watford,38,40,40.0,68.0,-28.0,35.2467009,49.140834,32.9631979,98.0,419.0,144.0,1.0526315789473684,-0.7368421052631579,11.026315789473685,2016
2016_2017,West Bromwich Albion,38,45,43.0,51.0,-8.0,35.025818,46.256936,34.264648,80.0,400.0,123.0,1.1842105263157894,-0.21052631578947367,10.526315789473685,2016
2016_2017,West Ham United,38,45,47.0,64.0,-17.0,48.245556,59.671571,44.986651,92.0,496.0,138.0,1.1842105263157894,-0.4473684210526316,13.052631578947368,2016
2017_2018,Arsenal,38,63,74.0,51.0,23.0,72.269335,48.745316,68.463486,63.0,593.0,234.0,1.6578947368421053,0.6052631578947368,15.605263157894736,2017
2017_2018,Bournemouth,38,44,45.0,61.0,-16.0,39.99186,64.93249,37.708349,58.0,467.0,158.0,1.1578947368421053,-0.42105263157894735,12.289473684210526,2017
2017_2018,Brighton and Hove Albion,38,40,34.0,54.0,-20.0,37.2144165,53.083801,31.8862345,60.0,383.0,118.0,1.0526315789473684,-0.5263157894736842,10.078947368421053,2017
2017_2018,Burnley,38,54,36.0,39.0,-3.0,32.771712,52.156891,32.771712,65.0,379.0,127.0,1.4210526315789473,-0.07894736842105263,9.973684210526315,2017
2017_2018,Chelsea,38,70,62.0,38.0,24.0,59.160689,34.0347137,56.877219000000004,53.0,606.0,220.0,1.8421052631578947,0.631578947368421,15.947368421052632,2017
2017_2018,Crystal Palace,38,44,45.0,55.0,-10.0,56.749704,53.535269,49.138176,71.0,475.0,151.0,1.1578947368421053,-0.2631578947368421,12.5,2017
2017_2018,Everton,38,49,44.0,58.0,-14.0,43.707511,55.495772,37.501872,60.0,360.0,122.0,1.2894736842105263,-0.3684210526315789,9.473684210526315,2017
2017_2018,Huddersfield Town,38,37,28.0,58.0,-30.0,32.1338432,53.216161,30.6115432,70.0,360.0,111.0,0.9736842105263158,-0.7894736842105263,9.473684210526315,2017
2017_2018,Leicester City,38,47,56.0,60.0,-4.0,50.2887137,49.358723,45.7217407,67.0,422.0,148.0,1.236842105263158,-0.10526315789473684,11.105263157894736,2017
2017_2018,Liverpool,38,75,84.0,38.0,46.0,77.485119,35.7516207,75.183319,47.0,640.0,233.0,1.9736842105263157,1.2105263157894737,16.842105263157894,2017
2017_2018,Manchester City,38,100,106.0,27.0,79.0,91.434145,24.511917699999998,85.123985,64.0,664.0,261.0,2.6315789473684212,2.0789473684210527,17.473684210526315,2017
2017_2018,Manchester United,38,81,68.0,28.0,40.0,59.043412,43.540152,56.631119,67.0,513.0,181.0,2.1315789473684212,1.0526315789473684,13.5,2017
2017_2018,Newcastle United,38,44,39.0,47.0,-8.0,44.625608,52.472364,43.864438,58.0,449.0,150.0,1.1578947368421053,-0.21052631578947367,11.81578947368421,2017
2017_2018,Southampton,38,36,37.0,56.0,-19.0,41.880147,46.555427,39.596638,69.0,451.0,145.0,0.9473684210526315,-0.5,11.868421052631579,2017
2017_2018,Stoke City,38,33,35.0,68.0,-33.0,36.754259,65.540984,34.470754,65.0,382.0,131.0,0.868421052631579,-0.868421052631579,10.052631578947368,2017
2017_2018,Swansea,38,33,28.0,56.0,-28.0,29.7130847,61.833604,28.9519147,54.0,336.0,104.0,0.868421052631579,-0.7368421052631579,8.842105263157896,2017
2017_2018,Tottenham Hotspur,38,77,74.0,36.0,38.0,68.911894,35.859432999999996,66.628384,55.0,622.0,217.0,2.026315789473684,1.0,16.36842105263158,2017
2017_2018,Watford,38,41,44.0,64.0,-20.0,45.847429,53.981191,41.129107,75.0,440.0,132.0,1.0789473684210527,-0.5263157894736842,11.578947368421053,2017
2017_2018,West Bromwich Albion,38,31,31.0,56.0,-25.0,35.184401,48.993914000000004,34.42323,75.0,375.0,114.0,0.8157894736842105,-0.6578947368421053,9.868421052631579,2017
2017_2018,West Ham United,38,42,48.0,68.0,-20.0,36.80133,58.368869,33.756653,78.0,373.0,133.0,1.105263157894737,-0.5263157894736842,9.81578947368421,2017
2018_2019,Arsenal,38,70,73.0,51.0,22.0,64.795372,57.297487499999995,60.989521,78.0,466.0,170.0,1.8421052631578947,0.5789473684210527,12.263157894736842,2018
2018_2019,Bournemouth,38,45,56.0,70.0,-14.0,58.812899,62.423162,51.962379,63.0,447.0,163.0,1.1842105263157894,-0.3684210526315789,11.763157894736842,2018
2018_2019,Brighton and Hove Albion,38,36,35.0,60.0,-25.0,37.027868,62.462145,32.460844,72.0,365.0,108.0,0.9473684210526315,-0.6578947368421053,9.605263157894736,2018
2018_2019,Burnley,38,40,45.0,68.0,-23.0,44.7412159,66.122065,43.2189159,78.0,359.0,115.0,1.0526315789473684,-0.6052631578947368,9.447368421052632,2018
2018_2019,Cardiff City,38,34,34.0,69.0,-35.0,41.7697266,66.503167,38.7250676,68.0,417.0,126.0,0.8947368421052632,-0.9210526315789473,10.973684210526315,2018
2018_2019,Chelsea,38,72,63.0,39.0,24.0,63.968004,38.107687,60.162158,49.0,606.0,198.0,1.894736842105263,0.631578947368421,15.947368421052632,2018
2018_2019,Crystal Palace,38,49,51.0,53.0,-2.0,50.642166,52.804285,42.269351,64.0,491.0,146.0,1.2894736842105263,-0.05263157894736842,12.921052631578947,2018
2018_2019,Everton,38,54,54.0,46.0,8.0,53.866134,49.3097899,49.922343999999995,67.0,495.0,169.0,1.4210526315789473,0.21052631578947367,13.026315789473685,2018
2018_2019,Fulham,38,26,34.0,81.0,-47.0,42.621864,73.58661000000001,40.338362,74.0,453.0,149.0,0.6842105263157895,-1.236842105263158,11.921052631578947,2018
2018_2019,Huddersfield Town,38,16,22.0,76.0,-54.0,29.002263,67.194016,28.241098,67.0,400.0,118.0,0.42105263157894735,-1.4210526315789473,10.526315789473685,2018
2018_2019,Leicester City,38,52,51.0,48.0,3.0,52.114153,44.642585,46.785979,72.0,515.0,184.0,1.368421052631579,0.07894736842105263,13.552631578947368,2018
2018_2019,Liverpool,38,97,89.0,22.0,67.0,79.45754,29.145105,74.12936,43.0,574.0,226.0,2.5526315789473686,1.763157894736842,15.105263157894736,2018
2018_2019,Manchester City,38,98,95.0,23.0,72.0,93.720559,25.7326041,90.67588,47.0,683.0,260.0,2.5789473684210527,1.894736842105263,17.973684210526315,2018
2018_2019,Manchester United,38,66,65.0,54.0,11.0,68.617498,52.30019,59.375862,85.0,526.0,225.0,1.736842105263158,0.2894736842105263,13.842105263157896,2018
2018_2019,Newcastle United,38,45,42.0,48.0,-6.0,39.9106505,57.545492,37.6271415,63.0,444.0,142.0,1.1842105263157894,-0.15789473684210525,11.68421052631579,2018
2018_2019,Southampton,38,39,45.0,65.0,-20.0,49.671325,59.271714,45.86548,80.0,480.0,162.0,1.0263157894736843,-0.5263157894736842,12.631578947368421,2018
2018_2019,Tottenham Hotspur,38,71,67.0,39.0,28.0,61.746657,49.146068,58.702020000000005,65.0,536.0,189.0,1.868421052631579,0.7368421052631579,14.105263157894736,2018
2018_2019,Watford,38,50,52.0,59.0,-7.0,51.733546,63.291171,50.972376,89.0,434.0,151.0,1.3157894736842106,-0.18421052631578946,11.421052631578947,2018
2018_2019,West Ham United,38,52,52.0,55.0,-3.0,47.9605279,65.662023,44.1548369,62.0,441.0,157.0,1.368421052631579,-0.07894736842105263,11.605263157894736,2018
2018_2019,Wolverhampton Wanderers,38,57,47.0,46.0,1.0,53.0586916,42.691294,50.0140156,75.0,474.0,151.0,1.5,0.02631578947368421,12.473684210526315,2018
2019_2020,Arsenal,38,56,56.0,48.0,8.0,50.822218,57.252266,48.538798,101.0,410.0,151.0,1.4736842105263157,0.21052631578947367,10.789473684210526,2019
2019_2020,Aston Villa,38,35,41.0,67.0,-26.0,45.088989,71.595382,42.652501,71.0,459.0,150.0,0.9210526315789473,-0.6842105263157895,12.078947368421053,2019
2019_2020,Bournemouth,38,34,40.0,65.0,-25.0,44.6710449,63.294345,41.6264589,82.0,389.0,121.0,0.8947368421052632,-0.6578947368421053,10.236842105263158,2019
2019_2020,Brighton and Hove Albion,38,41,39.0,54.0,-15.0,47.424061,60.415849,45.90173,62.0,461.0,142.0,1.0789473684210527,-0.39473684210526316,12.131578947368421,2019
2019_2020,Burnley,38,54,43.0,50.0,-7.0,49.3468938,53.839223,47.0633828,67.0,388.0,134.0,1.4210526315789473,-0.18421052631578946,10.210526315789474,2019
2019_2020,Chelsea,38,66,69.0,54.0,15.0,76.227787,41.0882999,70.899599,60.0,625.0,223.0,1.736842105263158,0.39473684210526316,16.44736842105263,2019
2019_2020,Crystal Palace,38,43,31.0,50.0,-19.0,34.4479555,57.392237,32.1644455,67.0,376.0,120.0,1.131578947368421,-0.5,9.894736842105264,2019
2019_2020,Everton,38,49,44.0,56.0,-12.0,53.710143,49.211622,52.948976,79.0,470.0,162.0,1.2894736842105263,-0.3157894736842105,12.368421052631579,2019
2019_2020,Leicester City,38,62,67.0,41.0,26.0,61.0171647,47.894043,55.6739347,50.0,537.0,190.0,1.631578947368421,0.6842105263157895,14.131578947368421,2019
2019_2020,Liverpool,38,99,85.0,33.0,52.0,75.19337,39.5728982,71.38752,41.0,590.0,231.0,2.6052631578947367,1.368421052631579,15.526315789473685,2019
2019_2020,Manchester City,38,81,102.0,35.0,67.0,102.205233,36.997629,93.533026,72.0,745.0,263.0,2.1315789473684212,1.763157894736842,19.605263157894736,2019
2019_2020,Manchester United,38,66,66.0,36.0,30.0,66.186663,38.059163999999996,55.530384,72.0,543.0,216.0,1.736842105263158,0.7894736842105263,14.289473684210526,2019
2019_2020,Newcastle United,38,44,38.0,58.0,-20.0,36.491737,67.029351,35.730567,74.0,395.0,131.0,1.1578947368421053,-0.5263157894736842,10.394736842105264,2019
2019_2020,Norwich City,38,21,26.0,75.0,-49.0,37.2341749,71.607557,35.7118339,76.0,408.0,131.0,0.5526315789473685,-1.2894736842105263,10.736842105263158,2019
2019_2020,Sheffield United,38,54,39.0,39.0,0.0,45.811621,52.042457,45.050451,67.0,354.0,115.0,1.4210526315789473,0.0,9.31578947368421,2019
2019_2020,Southampton,38,52,51.0,60.0,-9.0,56.496626,56.592573,52.535483,65.0,500.0,181.0,1.368421052631579,-0.23684210526315788,13.157894736842104,2019
2019_2020,Tottenham Hotspur,38,59,61.0,47.0,14.0,49.021303,54.127111,45.83264,91.0,445.0,160.0,1.5526315789473684,0.3684210526315789,11.710526315789474,2019
2019_2020,Watford,38,34,36.0,64.0,-28.0,48.562637,59.528113,42.473275,84.0,424.0,120.0,0.8947368421052632,-0.7368421052631579,11.157894736842104,2019
2019_2020,West Ham United,38,39,49.0,62.0,-13.0,49.0691132,68.323322,46.0244362,65.0,417.0,163.0,1.0263157894736843,-0.34210526315789475,10.973684210526315,2019
2019_2020,Wolverhampton Wanderers,38,59,51.0,40.0,11.0,54.223981,37.3892739,51.179312,63.0,459.0,145.0,1.5526315789473684,0.2894736842105263,12.078947368421053,2019
2020_2021,Arsenal,38,61,55.0,39.0,16.0,52.247381,43.232285,47.680362,62.0,459.0,152.0,1.605263157894737,0.42105263157894735,12.078947368421053,2020
2020_2021,Aston Villa,38,55,55.0,46.0,9.0,56.715489,53.2525562,52.148472,72.0,511.0,187.0,1.4473684210526316,0.23684210526315788,13.447368421052632,2020
2020_2021,Brighton and Hove Albion,38,41,40.0,46.0,-6.0,53.819028,39.906692,46.968639,63.0,487.0,143.0,1.0789473684210527,-0.15789473684210525,12.81578947368421,2020
2020_2021,Burnley,38,39,33.0,55.0,-22.0,38.127928499999996,59.056713,35.8444135,48.0,384.0,130.0,1.0263157894736843,-0.5789473684210527,10.105263157894736,2020
2020_2021,Chelsea,38,67,58.0,36.0,22.0,68.655594,30.904465000000002,61.043974,57.0,558.0,209.0,1.763157894736842,0.5789473684210527,14.68421052631579,2020
2020_2021,Crystal Palace,38,44,41.0,66.0,-25.0,35.2866084,61.903947,32.2419274,60.0,349.0,131.0,1.1578947368421053,-0.6578947368421053,9.18421052631579,2020
2020_2021,Everton,38,59,47.0,48.0,-1.0,49.237118,50.164161,45.41767,64.0,400.0,148.0,1.5526315789473684,-0.02631578947368421,10.526315789473685,2020
2020_2021,Fulham,38,28,27.0,53.0,-26.0,41.055309,57.6358378,36.4883067,75.0,442.0,136.0,0.7368421052631579,-0.6842105263157895,11.631578947368421,2020
2020_2021,Leeds United,38,59,62.0,54.0,8.0,59.258638,63.021957,56.213962,64.0,522.0,199.0,1.5526315789473684,0.21052631578947367,13.736842105263158,2020
2020_2021,Leicester City,38,66,68.0,50.0,18.0,58.800116,47.0650327,49.666092,60.0,484.0,185.0,1.736842105263158,0.47368421052631576,12.736842105263158,2020
2020_2021,Liverpool,38,69,68.0,42.0,26.0,72.207518,47.304588,67.640508,40.0,608.0,214.0,1.8157894736842106,0.6842105263157895,16.0,2020
2020_2021,Manchester City,38,86,83.0,32.0,51.0,77.715218,30.6132741,70.864704,52.0,604.0,219.0,2.263157894736842,1.3421052631578947,15.894736842105264,2020
2020_2021,Manchester United,38,74,73.0,44.0,29.0,63.172237,41.917999,54.799459,67.0,521.0,212.0,1.9473684210526316,0.7631578947368421,13.710526315789474,2020
2020_2021,Newcastle United,38,45,46.0,62.0,-16.0,43.959188,60.023648,38.45959,70.0,397.0,142.0,1.1842105263157894,-0.42105263157894735,10.447368421052632,2020
2020_2021,Sheffield United,38,23,20.0,63.0,-43.0,33.1591767,66.107821,30.1144991,82.0,325.0,99.0,0.6052631578947368,-1.131578947368421,8.552631578947368,2020
2020_2021,Southampton,38,43,47.0,68.0,-21.0,45.284568,58.548461,40.717553,61.0,423.0,166.0,1.131578947368421,-0.5526315789473685,11.131578947368421,2020
2020_2021,Tottenham Hotspur,38,62,68.0,45.0,23.0,56.676279,52.55146,52.870451,59.0,444.0,176.0,1.631578947368421,0.6052631578947368,11.68421052631579,2020
2020_2021,West Bromwich Albion,38,26,35.0,76.0,-41.0,34.9712902,74.038872,31.9266212,63.0,340.0,112.0,0.6842105263157895,-1.0789473684210527,8.947368421052632,2020
2020_2021,West Ham United,38,65,62.0,47.0,15.0,60.338271,49.86208,57.132841,57.0,468.0,165.0,1.7105263157894737,0.39473684210526316,12.31578947368421,2020
2020_2021,Wolverhampton Wanderers,38,45,36.0,52.0,-16.0,38.619038,52.194144,35.574369,53.0,462.0,154.0,1.1842105263157894,-0.42105263157894735,12.157894736842104,2020
2021_2022,Arsenal,38,69,61.0,48.0,13.0,63.391577,48.389506,57.191476,72.0,588.0,197.0,1.8157894736842106,0.34210526315789475,15.473684210526315,2021
2021_2022,Aston Villa,38,45,52.0,54.0,-2.0,43.129543,53.095725,40.846035,83.0,454.0,162.0,1.1842105263157894,-0.05263157894736842,11.947368421052632,2021
2021_2022,Brentford,38,46,48.0,56.0,-8.0,52.889575,49.500452,48.322585,70.0,442.0,154.0,1.2105263157894737,-0.21052631578947367,11.631578947368421,2021
2021_2022,Brighton and Hove Albion,38,51,42.0,44.0,-2.0,49.567475,47.211438,44.239313,77.0,490.0,152.0,1.3421052631578947,-0.05263157894736842,12.894736842105264,2021
2021_2022,Burnley,38,35,34.0,53.0,-19.0,41.1058913,60.22312,39.5835523,74.0,407.0,125.0,0.9210526315789473,-0.5,10.710526315789474,2021
2021_2022,Chelsea,38,74,76.0,33.0,43.0,69.297032,35.1156242,62.446512,66.0,592.0,211.0,1.9473684210526316,1.131578947368421,15.578947368421053,2021
2021_2022,Crystal Palace,38,48,50.0,46.0,4.0,48.843907,41.3314426,42.663892,70.0,412.0,147.0,1.263157894736842,0.10526315789473684,10.842105263157896,2021
2021_2022,Everton,38,39,43.0,66.0,-23.0,44.469730999999996,60.694247000000004,39.14161,94.0,438.0,138.0,1.0263157894736843,-0.6052631578947368,11.526315789473685,2021
2021_2022,Leeds United,38,38,42.0,79.0,-37.0,51.186082,71.309612,47.380234,109.0,485.0,154.0,1.0,-0.9736842105263158,12.763157894736842,2021
2021_2022,Leicester City,38,52,62.0,59.0,3.0,49.4886742,66.106594,47.9663352,57.0,435.0,169.0,1.368421052631579,0.07894736842105263,11.447368421052632,2021
2021_2022,Liverpool,38,92,94.0,26.0,68.0,93.022398,32.731055,86.83102,53.0,730.0,256.0,2.4210526315789473,1.7894736842105263,19.210526315789473,2021
2021_2022,Manchester City,38,93,99.0,26.0,73.0,93.399873,25.212244000000002,86.324233,45.0,715.0,254.0,2.4473684210526314,1.9210526315789473,18.81578947368421,2021
2021_2022,Manchester United,38,58,57.0,57.0,0.0,57.214908,56.85228,53.409058,81.0,508.0,187.0,1.5263157894736843,0.0,13.368421052631579,2021
2021_2022,Newcastle United,38,49,44.0,62.0,-18.0,41.526526000000004,62.711766,39.243013,82.0,448.0,148.0,1.2894736842105263,-0.47368421052631576,11.789473684210526,2021
2021_2022,Norwich City,38,22,23.0,84.0,-61.0,31.5116008,80.075475,29.228129799999998,61.0,374.0,109.0,0.5789473684210527,-1.605263157894737,9.842105263157896,2021
2021_2022,Southampton,38,40,43.0,67.0,-24.0,47.348042,64.557484,44.303364,69.0,482.0,170.0,1.0526315789473684,-0.631578947368421,12.68421052631579,2021
2021_2022,Tottenham Hotspur,38,71,69.0,40.0,29.0,67.9513206,43.699303,64.1454716,70.0,491.0,198.0,1.868421052631579,0.7631578947368421,12.921052631578947,2021
2021_2022,Watford,38,23,34.0,77.0,-43.0,39.340391,67.53443,37.818061,66.0,396.0,127.0,0.6052631578947368,-1.131578947368421,10.421052631578947,2021
2021_2022,West Ham United,38,56,60.0,51.0,9.0,54.983599,53.876722,50.260774,56.0,433.0,158.0,1.4736842105263157,0.23684210526315788,11.394736842105264,2021
2021_2022,Wolverhampton Wanderers,38,51,38.0,43.0,-5.0,39.0430709,58.482697,38.2819009,65.0,402.0,136.0,1.3421052631578947,-0.13157894736842105,10.578947368421053,2021
2022_2023,Arsenal,38,84,88.0,43.0,45.0,76.512308,45.1633923,73.467624,51.0,593.0,204.0,2.210526315789474,1.1842105263157894,15.605263157894736,2022
2022_2023,Aston Villa,38,61,51.0,46.0,5.0,49.995345,53.955537,46.950666,83.0,431.0,151.0,1.605263157894737,0.13157894736842105,11.342105263157896,2022
2022_2023,Bournemouth,38,39,37.0,71.0,-34.0,40.083965,67.602094,40.083965,68.0,355.0,133.0,1.0263157894736843,-0.8947368421052632,9.342105263157896,2022
2022_2023,Brentford,38,59,58.0,46.0,12.0,59.227045,51.453067000000004,53.137716,58.0,397.0,162.0,1.5526315789473684,0.3157894736842105,10.447368421052632,2022
2022_2023,Brighton and Hove Albion,38,62,72.0,53.0,19.0,77.723422,50.154517999999996,73.156398,59.0,612.0,231.0,1.631578947368421,0.5,16.105263157894736,2022
2022_2023,Chelsea,38,44,38.0,47.0,-9.0,51.894923,54.022507,49.611409,86.0,484.0,158.0,1.1578947368421053,-0.23684210526315788,12.736842105263158,2022
2022_2023,Crystal Palace,38,45,40.0,49.0,-9.0,40.723491,51.626247,38.296407,87.0,425.0,136.0,1.1842105263157894,-0.23684210526315788,11.18421052631579,2022
2022_2023,Everton,38,36,34.0,57.0,-23.0,48.6498356,68.582862,46.3663266,85.0,429.0,152.0,0.9473684210526315,-0.6052631578947368,11.289473684210526,2022
2022_2023,Fulham,38,52,55.0,53.0,2.0,47.984977,71.490811,41.1344488,83.0,429.0,149.0,1.368421052631579,0.05263157894736842,11.289473684210526,2022
2022_2023,Leeds United,38,31,48.0,78.0,-30.0,47.795965,69.581033,45.512455,93.0,465.0,145.0,0.8157894736842105,-0.7894736842105263,12.236842105263158,2022
2022_2023,Leicester City,38,34,51.0,68.0,-17.0,48.9869985,59.789350999999996,44.3328275,64.0,417.0,152.0,0.8947368421052632,-0.4473684210526316,10.973684210526315,2022
2022_2023,Liverpool,38,67,75.0,47.0,28.0,80.771997,55.773338,77.727328,60.0,605.0,212.0,1.763157894736842,0.7368421052631579,15.921052631578947,2022
2022_2023,Manchester City,38,89,94.0,33.0,61.0,84.321567,34.2084149,76.709891,46.0,603.0,219.0,2.3421052631578947,1.605263157894737,15.868421052631579,2022
2022_2023,Manchester United,38,75,58.0,43.0,15.0,71.901178,50.287639,69.617674,81.0,592.0,214.0,1.9736842105263157,0.39473684210526316,15.578947368421053,2022
2022_2023,Newcastle United,38,71,68.0,33.0,35.0,76.977056,41.8562479,72.410043,60.0,571.0,197.0,1.868421052631579,0.9210526315789473,15.026315789473685,2022
2022_2023,Nottingham Forest,38,38,38.0,68.0,-30.0,39.57446,68.459309,35.007464,84.0,368.0,118.0,1.0,-0.7894736842105263,9.68421052631579,2022
2022_2023,Southampton,38,25,36.0,73.0,-37.0,39.265483,62.900044,36.13281,73.0,417.0,142.0,0.6578947368421053,-0.9736842105263158,10.973684210526315,2022
2022_2023,Tottenham Hotspur,38,60,70.0,63.0,7.0,57.83379,51.660728,53.266766000000004,84.0,520.0,200.0,1.5789473684210527,0.18421052631578946,13.68421052631579,2022
2022_2023,West Ham United,38,40,42.0,55.0,-13.0,51.210732,55.312173,45.121373,44.0,474.0,145.0,1.0526315789473684,-0.34210526315789475,12.473684210526315,2022
2022_2023,Wolverhampton Wanderers,38,41,31.0,58.0,-27.0,35.126815,62.68204,32.843305,98.0,413.0,125.0,1.0789473684210527,-0.7105263157894737,10.868421052631579,2022
2023_2024,Arsenal,38,89,91.0,29.0,62.0,84.392479,31.782125399999998,76.780829,68.0,657.0,227.0,2.3421052631578947,1.631578947368421,17.289473684210527,2023
2023_2024,Aston Villa,38,68,76.0,61.0,15.0,67.4225935,65.075812,64.3779135,100.0,514.0,190.0,1.7894736842105263,0.39473684210526316,13.526315789473685,2023
2023_2024,Bournemouth,38,48,54.0,67.0,-13.0,63.755446,65.50767,61.471946,89.0,542.0,185.0,1.263157894736842,-0.34210526315789475,14.263157894736842,2023
2023_2024,Brentford,38,39,56.0,65.0,-9.0,64.291682,60.260659,62.008191,94.0,473.0,172.0,1.0263157894736843,-0.23684210526315788,12.447368421052632,2023
2023_2024,Brighton and Hove Albion,38,48,55.0,62.0,-7.0,61.910402,60.9371845,57.222334,98.0,562.0,208.0,1.263157894736842,-0.18421052631578946,14.789473684210526,2023
2023_2024,Burnley,38,24,41.0,78.0,-37.0,43.4420856,75.718305,41.1585836,92.0,433.0,142.0,0.631578947368421,-0.9736842105263158,11.394736842105264,2023
2023_2024,Chelsea,38,63,77.0,63.0,14.0,80.881514,62.600433,71.747502,113.0,548.0,215.0,1.6578947368421053,0.3684210526315789,14.421052631578947,2023
2023_2024,Crystal Palace,38,49,57.0,58.0,-1.0,53.935454,57.9908326,50.890788,75.0,456.0,169.0,1.2894736842105263,-0.02631578947368421,12.0,2023
2023_2024,Everton,38,48,40.0,51.0,-11.0,60.7541755,60.257092,58.4706585,82.0,507.0,162.0,1.263157894736842,-0.2894736842105263,13.342105263157896,2023
2023_2024,Fulham,38,47,55.0,61.0,-6.0,52.8086955,66.904132,51.2863585,89.0,500.0,178.0,1.236842105263158,-0.15789473684210525,13.157894736842104,2023
2023_2024,Liverpool,38,82,86.0,41.0,45.0,94.785242,47.3987545,87.649932,80.0,790.0,277.0,2.1578947368421053,1.1842105263157894,20.789473684210527,2023
2023_2024,Luton Town,38,26,52.0,85.0,-33.0,49.872462,91.647698,46.066622,71.0,431.0,141.0,0.6842105263157895,-0.868421052631579,11.342105263157896,2023
2023_2024,Manchester City,38,91,96.0,34.0,62.0,89.548753,37.2714265,81.937063,57.0,690.0,278.0,2.3947368421052633,1.631578947368421,18.157894736842106,2023
2023_2024,Manchester United,38,60,57.0,58.0,-1.0,60.329903,74.760841,54.986494,83.0,550.0,193.0,1.5789473684210527,-0.02631578947368421,14.473684210526315,2023
2023_2024,Newcastle United,38,60,85.0,62.0,23.0,84.477852,62.455156,77.627333,79.0,551.0,213.0,1.5789473684210527,0.6052631578947368,14.5,2023
2023_2024,Nottingham Forest,38,36,49.0,67.0,-18.0,52.157332,56.251404,51.396162,84.0,451.0,148.0,0.9473684210526315,-0.47368421052631576,11.868421052631579,2023
2023_2024,Sheffield United,38,16,35.0,104.0,-69.0,41.3062564,85.707202,37.5004414,108.0,368.0,129.0,0.42105263157894735,-1.8157894736842106,9.68421052631579,2023
2023_2024,Tottenham Hotspur,38,66,74.0,61.0,13.0,73.35178,68.065662,71.82944,100.0,582.0,214.0,1.736842105263158,0.34210526315789475,15.31578947368421,2023
2023_2024,West Ham United,38,52,60.0,74.0,-14.0,54.529585,77.90774400000001,50.723739,85.0,450.0,150.0,1.368421052631579,-0.3684210526315789,11.842105263157896,2023
2023_2024,Wolverhampton Wanderers,38,46,50.0,65.0,-15.0,50.652241,76.1058,47.607559,110.0,427.0,159.0,1.2105263157894737,-0.39473684210526316,11.236842105263158,2023
2024_2025,Arsenal,38,74,69.0,34.0,35.0,13.918330000000001,7.596339,13.918330000000001,82.0,547.0,188.0,1.9473684210526316,0.9210526315789473,14.394736842105264,2024
2024_2025,Aston Villa,38,66,58.0,51.0,7.0,12.828,8.211786,12.828,84.0,484.0,170.0,1.736842105263158,0.18421052631578946,12.736842105263158,2024
2024_2025,Bournemouth,38,56,58.0,46.0,12.0,10.40826,9.063246000000001,9.64709,106.0,580.0,202.0,1.4736842105263157,0.3157894736842105,15.263157894736842,2024
2024_2025,Brentford,38,56,66.0,57.0,9.0,8.015416,11.839687,8.015416,65.0,441.0,184.0,1.4736842105263157,0.23684210526315788,11.605263157894736,2024
2024_2025,Brighton and Hove Albion,38,61,66.0,59.0,7.0,10.28228,9.857807999999999,10.28228,81.0,533.0,191.0,1.605263157894737,0.18421052631578946,14.026315789473685,2024
2024_2025,Chelsea,38,69,64.0,43.0,21.0,13.056396,7.560885,12.295226,104.0,595.0,218.0,1.8157894736842106,0.5526315789473685,15.657894736842104,2024
2024_2025,Crystal Palace,38,53,51.0,51.0,0.0,8.663398,11.0043,7.902228,87.0,516.0,186.0,1.394736842105263,0.0,13.578947368421053,2024
2024_2025,Everton,38,48,42.0,44.0,-2.0,7.396002,12.97941,7.396002,86.0,405.0,144.0,1.263157894736842,-0.05263157894736842,10.657894736842104,2024
2024_2025,Fulham,38,54,54.0,54.0,0.0,11.103061,6.0014829999999995,10.341892,86.0,521.0,173.0,1.4210526315789473,0.0,13.710526315789474,2024
2024_2025,Ipswich Town,38,22,36.0,82.0,-46.0,5.742051,13.9961,5.742051,99.0,376.0,127.0,0.5789473684210527,-1.2105263157894737,9.894736842105264,2024
2024_2025,Leicester City,38,25,33.0,80.0,-47.0,5.985595,16.29776,5.985595,87.0,335.0,111.0,0.6578947368421053,-1.236842105263158,8.81578947368421,2024
2024_2025,Liverpool,38,84,86.0,41.0,45.0,14.476790000000001,5.108957,13.715620000000001,73.0,648.0,231.0,2.210526315789474,1.1842105263157894,17.05263157894737,2024
2024_2025,Manchester City,38,71,72.0,44.0,28.0,13.02536,6.16692,12.26419,63.0,607.0,217.0,1.868421052631579,0.7368421052631579,15.973684210526315,2024
2024_2025,Manchester United,38,42,44.0,54.0,-10.0,10.807321,13.096620999999999,10.807321,92.0,527.0,174.0,1.105263157894737,-0.2631578947368421,13.868421052631579,2024
2024_2025,Newcastle United,38,66,68.0,47.0,21.0,7.837849,12.06926,7.076681,71.0,524.0,174.0,1.736842105263158,0.5526315789473685,13.789473684210526,2024
2024_2025,Nottingham Forest,38,65,58.0,46.0,12.0,8.092603,7.236454,7.331434,91.0,463.0,166.0,1.7105263157894737,0.3157894736842105,12.18421052631579,2024
2024_2025,Southampton,38,12,26.0,86.0,-60.0,8.070972000000001,11.832979,7.260359,98.0,343.0,111.0,0.3157894736842105,-1.5789473684210527,9.026315789473685,2024
2024_2025,Tottenham Hotspur,38,38,64.0,65.0,-1.0,15.746825,5.877135,15.746825,73.0,497.0,185.0,1.0,-0.02631578947368421,13.078947368421053,2024
2024_2025,West Ham United,38,43,46.0,62.0,-16.0,7.605714,12.892872,6.844544,87.0,476.0,146.0,1.131578947368421,-0.42105263157894735,12.526315789473685,2024
2024_2025,Wolverhampton Wanderers,38,42,54.0,69.0,-15.0,6.670299,11.04252,6.670299,80.0,431.0,160.0,1.105263157894737,-0.39473684210526316,11.342105263157896,2024
2025_2026,Arsenal,11,26,20.0,5.0,15.0,0.0,0.0,0.0,11.0,162.0,52.0,2.3636363636363638,1.3636363636363635,14.727272727272727,2025
2025_2026,Aston Villa,11,18,13.0,10.0,3.0,0.0,0.0,0.0,22.0,119.0,39.0,1.6363636363636365,0.2727272727272727,10.818181818181818,2025
2025_2026,Bournemouth,11,18,17.0,18.0,-1.0,0.0,0.0,0.0,27.0,133.0,50.0,1.6363636363636365,-0.09090909090909091,12.090909090909092,2025
2025_2026,Brentford,11,16,17.0,17.0,0.0,0.0,0.0,0.0,23.0,117.0,49.0,1.4545454545454546,0.0,10.636363636363637,2025
2025_2026,Brighton and Hove Albion,11,16,17.0,15.0,2.0,0.0,0.0,0.0,28.0,133.0,50.0,1.4545454545454546,0.18181818181818182,12.090909090909092,2025
2025_2026,Burnley,11,10,14.0,22.0,-8.0,0.0,0.0,0.0,16.0,90.0,35.0,0.9090909090909091,-0.7272727272727273,8.181818181818182,2025
2025_2026,Chelsea,11,20,21.0,11.0,10.0,0.0,0.0,0.0,30.0,158.0,62.0,1.8181818181818181,0.9090909090909091,14.363636363636363,2025
2025_2026,Crystal Palace,11,17,14.0,9.0,5.0,0.0,0.0,0.0,19.0,135.0,48.0,1.5454545454545454,0.45454545454545453,12.272727272727273,2025
2025_2026,Everton,11,15,12.0,13.0,-1.0,0.0,0.0,0.0,26.0,122.0,35.0,1.3636363636363635,-0.09090909090909091,11.090909090909092,2025
2025_2026,Fulham,11,11,12.0,16.0,-4.0,0.0,0.0,0.0,21.0,121.0,38.0,1.0,-0.36363636363636365,11.0,2025
2025_2026,Leeds United,11,11,10.0,20.0,-10.0,0.0,0.0,0.0,16.0,132.0,38.0,1.0,-0.9090909090909091,12.0,2025
2025_2026,Liverpool,11,18,18.0,17.0,1.0,0.0,0.0,0.0,23.0,163.0,46.0,1.6363636363636365,0.09090909090909091,14.818181818181818,2025
2025_2026,Manchester City,11,22,23.0,8.0,15.0,0.0,0.0,0.0,18.0,152.0,57.0,2.0,1.3636363636363635,13.818181818181818,2025
2025_2026,Manchester United,11,18,19.0,18.0,1.0,0.0,0.0,0.0,15.0,158.0,56.0,1.6363636363636365,0.09090909090909091,14.363636363636363,2025
2025_2026,Newcastle United,11,12,11.0,14.0,-3.0,0.0,0.0,0.0,15.0,131.0,40.0,1.0909090909090908,-0.2727272727272727,11.909090909090908,2025
2025_2026,Nottingham Forest,11,9,10.0,20.0,-10.0,0.0,0.0,0.0,20.0,131.0,43.0,0.8181818181818182,-0.9090909090909091,11.909090909090908,2025
2025_2026,Sunderland,11,19,14.0,10.0,4.0,0.0,0.0,0.0,22.0,111.0,30.0,1.7272727272727273,0.36363636363636365,10.090909090909092,2025
2025_2026,Tottenham Hotspur,11,18,19.0,10.0,9.0,0.0,0.0,0.0,26.0,106.0,38.0,1.6363636363636365,0.8181818181818182,9.636363636363637,2025
2025_2026,West Ham United,11,10,13.0,23.0,-10.0,0.0,0.0,0.0,20.0,115.0,45.0,0.9090909090909091,-0.9090909090909091,10.454545454545455,2025
2025_2026,Wolverhampton Wanderers,11,2,7.0,25.0,-18.0,0.0,0.0,0.0,26.0,105.0,35.0,0.18181818181818182,-1.6363636363636365,9.545454545454545,2025
